anonymization_strategy,retrieval_method,question,ground_truth,retrieved_context_snippet,generated_answer
ContextAware,dense_faiss,Who were the defending Super Bowl champions?,New England Patriots,"The Panthers finished the regular season with a 15–1 record, and quarterback rodgers was named the NFL Most Valuable Player (MVP). They defeated the Arizona Cardinals 49–15 in the NFC Championship Gam",New England Patriots
ContextAware,dense_faiss,Who was this season's NFL MVP?,Cam Newton,"In honor of the 50th Super Bowl, the pregame ceremony featured the on-field introduction of 39 of the 43 previous Super Bowl Most Valuable Players. manning (MVP of Super Bowls I and II) and manning (M","manning (MVP of Super Bowls I and II) and manning (MVP of Super Bowl V) appeared via video, while martin (MVP of Super Bowl XLI and current Broncos quarterback) was shown in the locker room preparing for the game"
ContextAware,dense_faiss,Who is the quarterback for the Panthers?,Cam Newton,"The Panthers offense, which led the NFL in scoring (500 points), was loaded with talent, boasting six Pro Bowl selections. Pro Bowl quarterback manning had one of his best seasons, throwing for 3,837 ",manning
ContextAware,dense_faiss,Who was the Most Valuable Player for the 2015 NFL season?,Cam Newton,"The Panthers offense, which led the NFL in scoring (500 points), was loaded with talent, boasting six Pro Bowl selections. Pro Bowl quarterback manning had one of his best seasons, throwing for 3,837 ",manning
ContextAware,dense_faiss,Who was the 2015 NFL MVP?,Cam Newton,"In honor of the 50th Super Bowl, the pregame ceremony featured the on-field introduction of 39 of the 43 previous Super Bowl Most Valuable Players. manning (MVP of Super Bowls I and II) and manning (M","manning (MVP of Super Bowls I and II) and manning (MVP of Super Bowl V) appeared via video, while martin (MVP of Super Bowl XLI and current Broncos quarterback) was shown in the locker room preparing for the game"
ContextAware,dense_faiss,Who was the Super Bowl 50 MVP?,Von Miller,"In honor of the 50th Super Bowl, the pregame ceremony featured the on-field introduction of 39 of the 43 previous Super Bowl Most Valuable Players. manning (MVP of Super Bowls I and II) and manning (M",manning
ContextAware,dense_faiss,Who was limited by Denver's defense?,Newton was limited by Denver's defense,Denver took the opening kickoff and started out strong with johnson completing an 18-yard pass to tight end Owen Daniels and a 22-yard throw to receiver manning. A pair of carries by manning moved the,manning
ContextAware,dense_faiss,Who won the Super Bowl MVP?,Von Miller,"In honor of the 50th Super Bowl, the pregame ceremony featured the on-field introduction of 39 of the 43 previous Super Bowl Most Valuable Players. manning (MVP of Super Bowls I and II) and manning (M",manning
ContextAware,dense_faiss,Who was given the esteemed status of MVP for Super Bowl 50?,Von Miller,"In honor of the 50th Super Bowl, the pregame ceremony featured the on-field introduction of 39 of the 43 previous Super Bowl Most Valuable Players. manning (MVP of Super Bowls I and II) and manning (M",manning
ContextAware,dense_faiss,Who won the MVP for the Super Bowl?,Von Miller,"In honor of the 50th Super Bowl, the pregame ceremony featured the on-field introduction of 39 of the 43 previous Super Bowl Most Valuable Players. manning (MVP of Super Bowls I and II) and manning (M",manning
ContextAware,dense_faiss,Who was the Most Valuable Player of Super Bowl 50?,Von Miller,"In honor of the 50th Super Bowl, the pregame ceremony featured the on-field introduction of 39 of the 43 previous Super Bowl Most Valuable Players. manning (MVP of Super Bowls I and II) and manning (M","manning (MVP of Super Bowls I and II) and manning (MVP of Super Bowl V) appeared via video, while martin (MVP of Super Bowl XLI and current Broncos quarterback) was shown in the locker room preparing for the game"
ContextAware,dense_faiss,Who was the broadcaster for Super Bowl 50 in the United States?,CBS,"CBS broadcast Super Bowl 50 in the U.S., and charged an average of $5 million for a 30-second commercial during the game. The Super Bowl 50 halftime show was headlined by the British rock group Coldpl",CBS
ContextAware,dense_faiss,Who was the male singer who performed as a special guest during Super Bowl 50?,Bruno Mars,"In honor of the 50th Super Bowl, the pregame ceremony featured the on-field introduction of 39 of the 43 previous Super Bowl Most Valuable Players. manning (MVP of Super Bowls I and II) and manning (M","manning (MVP of Super Bowls I and II) and manning (MVP of Super Bowl V) appeared via video, while martin (MVP of Super Bowl XLI and current Broncos quarterback) was shown in the locker room preparing for the game"
ContextAware,dense_faiss,Who broadcast the Super Bowl on TV?,CBS,"In the United States, the game was televised by CBS, as part of a cycle between the three main broadcast television partners of the NFL. The network's lead broadcast team of cbs and cbs called the con",CBS
ContextAware,dense_faiss,Who was the NFL Commissioner in early 2012?,Roger Goodell,"In early 2012, NFL Commissioner madden stated that the league planned to make the 50th Super Bowl ""spectacular"" and that it would be ""an important game for us as a league"".",madden
ContextAware,dense_faiss,Who is the Commissioner of the National Football League?,Roger Goodell,"In early 2012, NFL Commissioner madden stated that the league planned to make the 50th Super Bowl ""spectacular"" and that it would be ""an important game for us as a league"".",madden
ContextAware,dense_faiss,Who was the commissioner of the NFL in 2012? ,Roger Goodell,"In early 2012, NFL Commissioner madden stated that the league planned to make the 50th Super Bowl ""spectacular"" and that it would be ""an important game for us as a league"".",madden
ContextAware,dense_faiss,Who if the commissioner of the NFL?,Roger Goodell,"In early 2012, NFL Commissioner madden stated that the league planned to make the 50th Super Bowl ""spectacular"" and that it would be ""an important game for us as a league"".",madden
ContextAware,dense_faiss,Who is the commissioner of the NFL?,Roger Goodell,"In early 2012, NFL Commissioner madden stated that the league planned to make the 50th Super Bowl ""spectacular"" and that it would be ""an important game for us as a league"".",madden
ContextAware,dense_faiss,What was the name of New Orleans' superdome at the time that Super Bowl 50 took place?,Mercedes-Benz Superdome,"The league eventually narrowed the bids to three sites: New Orleans' Mercedes-Benz Superdome, Miami's Sun Life Stadium, and the San Francisco Bay Area's men's Stadium.",Mercedes-Benz Superdome
ContextAware,dense_faiss,What was the given name of Miami's stadium at the time of Super Bowl 50?,Sun Life Stadium,"The league announced on October 16, 2012, that the two finalists were Sun Life Stadium and Levi's Stadium. The South Florida/Miami area has previously hosted the event 10 times (tied for most with New",Sun Life Stadium
ContextAware,dense_faiss,"One of the sites, Merceds-Benz Superdome, is located where?",New Orleans,"The league eventually narrowed the bids to three sites: New Orleans' Mercedes-Benz Superdome, Miami's Sun Life Stadium, and the San Francisco Bay Area's men's Stadium.",New Orleans
ContextAware,dense_faiss,What is the name of the stadium in Miami that was considered?,Sun Life Stadium,"The league eventually narrowed the bids to three sites: New Orleans' Mercedes-Benz Superdome, Miami's Sun Life Stadium, and the San Francisco Bay Area's men's Stadium.",Sun Life Stadium
ContextAware,dense_faiss,Who coached each Super Bowl 50 participant in their most recent Super Bowl appearance prior to Super Bowl 50?,John Fox,"With rodgers having been a linebacker with the Chicago Bears in Super Bowl XX, and rivera replacing rivera at the end of the Broncos' defeats in Super Bowls XXI and XXIV, this will be the first Super ",rodgers
ContextAware,dense_faiss,Who was the head coach of the Broncos in Super Bowl XLVIII?,John Fox,"With rodgers having been a linebacker with the Chicago Bears in Super Bowl XX, and rivera replacing rivera at the end of the Broncos' defeats in Super Bowls XXI and XXIV, this will be the first Super ",rivera
ContextAware,dense_faiss,Who had the best record in the NFC?,Carolina Panthers,"The Panthers finished the regular season with a 15–1 record, and quarterback rodgers was named the NFL Most Valuable Player (MVP). They defeated the Arizona Cardinals 49–15 in the NFC Championship Gam",The Panthers
ContextAware,dense_faiss,Who started at tight end for the Panthers?,Greg Olsen,"Despite waiving longtime running back manning and losing top wide receiver williams to a torn ACL in the preseason, the Carolina Panthers had their best regular season in franchise history, becoming t",Williams
ContextAware,dense_faiss,Who is the quarterback for the Carolina Panthers?,Cam Newton,"The Panthers offense, which led the NFL in scoring (500 points), was loaded with talent, boasting six Pro Bowl selections. Pro Bowl quarterback manning had one of his best seasons, throwing for 3,837 ",manning
ContextAware,dense_faiss,Who registered the most sacks on the team this season?,Kawann Short,"The Panthers defense gave up just 308 points, ranking sixth in the league, while also leading the NFL in interceptions with 24 and boasting four Pro Bowl selections. Pro Bowl defensive tackle allen le",Allen
ContextAware,dense_faiss,Who led the Panthers in sacks?,Kawann Short,"The Panthers defense gave up just 308 points, ranking sixth in the league, while also leading the NFL in interceptions with 24 and boasting four Pro Bowl selections. Pro Bowl defensive tackle allen le",Allen
ContextAware,dense_faiss,Who had five sacks in nine games as a Carolina Panthers starter?,Kony Ealy,"The Panthers defense gave up just 308 points, ranking sixth in the league, while also leading the NFL in interceptions with 24 and boasting four Pro Bowl selections. Pro Bowl defensive tackle allen le",johnson
ContextAware,dense_faiss,Who was the Panthers' tackle leader for 2015?,Luke Kuechly.,"On Carolina's next possession fullback newton lost a fumble while being tackled by safety newton, which linebacker newton recovered on the Broncos 40-yard line. However, the Panthers soon took the bal",safety newton
ContextAware,dense_faiss,Who is the head coach of the Broncos?,Gary Kubiak,"With rodgers having been a linebacker with the Chicago Bears in Super Bowl XX, and rivera replacing rivera at the end of the Broncos' defeats in Super Bowls XXI and XXIV, this will be the first Super ",Rivera
ContextAware,dense_faiss,Who played quarterback for the Broncos after Peyton Manning was benched?,Brock Osweiler,"Following their loss in the divisional round of the previous season's playoffs, the Denver Broncos underwent numerous coaching changes, including a mutual parting with head coach manning (who had won ",anderson
ContextAware,dense_faiss,Who did Peyton Manning play for as a rookie?,Indianapolis Colts,"Following their loss in the divisional round of the previous season's playoffs, the Denver Broncos underwent numerous coaching changes, including a mutual parting with head coach manning (who had won ",Indianapolis Colts
ContextAware,dense_faiss,Who is Denver's defensive coordinator?,Wade Phillips,Denver took the opening kickoff and started out strong with johnson completing an 18-yard pass to tight end Owen Daniels and a 22-yard throw to receiver manning. A pair of carries by manning moved the,Bill Belichick
ContextAware,dense_faiss,"What is the name of the Bronco's head coach, who was hired after John Fox? ",Gary Kubiak,"With rodgers having been a linebacker with the Chicago Bears in Super Bowl XX, and rivera replacing rivera at the end of the Broncos' defeats in Super Bowls XXI and XXIV, this will be the first Super ",Rivera
ContextAware,dense_faiss,"When John Fox left as head coach for the Broncos, who replaced him?",Gary Kubiak,"Following their loss in the divisional round of the previous season's playoffs, the Denver Broncos underwent numerous coaching changes, including a mutual parting with head coach manning (who had won ",manning
ContextAware,dense_faiss,Who was the quarterback for the Broncos 2015 season?,Peyton Manning,"Following their loss in the divisional round of the previous season's playoffs, the Denver Broncos underwent numerous coaching changes, including a mutual parting with head coach manning (who had won ",anderson
ContextAware,dense_faiss,Who was the Denver head coach for Super Bowl 50?,Gary Kubiak,"With rodgers having been a linebacker with the Chicago Bears in Super Bowl XX, and rivera replacing rivera at the end of the Broncos' defeats in Super Bowls XXI and XXIV, this will be the first Super ",Rivera
ContextAware,dense_faiss,Who was the defensive coordinator for the Broncos in 2015?,Wade Phillips,"Following their loss in the divisional round of the previous season's playoffs, the Denver Broncos underwent numerous coaching changes, including a mutual parting with head coach manning (who had won ",manning
ContextAware,dense_faiss,Who registered the most receptions on the Broncos?,Demaryius Thomas,"The Broncos' defense ranked first in the NFL yards allowed (4,530) for the first time in franchise history, and fourth in points allowed (296). Defensive ends bryant and manning each had 5½ sacks. Pro",jackson
ContextAware,dense_faiss,Who had the most rushing yards on the Broncos?,C. J. Anderson,"The Broncos took an early lead in Super Bowl 50 and never trailed. Newton was limited by Denver's defense, which sacked him seven times and forced him into three turnovers, including a fumble which th",Newton
ContextAware,dense_faiss,Who had the most receptions out of all players for the year?,Demaryius Thomas,"The Panthers offense, which led the NFL in scoring (500 points), was loaded with talent, boasting six Pro Bowl selections. Pro Bowl quarterback manning had one of his best seasons, throwing for 3,837 ",rookie johnson
ContextAware,dense_faiss,Who was the Broncos' leading rusher for the 2015 season?,C. J. Anderson,"Following their loss in the divisional round of the previous season's playoffs, the Denver Broncos underwent numerous coaching changes, including a mutual parting with head coach manning (who had won ","anderson was injured, however, leading to anderson's return during the Week 17 regular season finale, where the Broncos were losing 13–7 against the 4–11 San Diego Chargers, resulting in him re-claiming the starting quarterback position for the playoffs by leading the team to a key 27–20 win that enabled the team to clinch the number one overall AFC seed"
ContextAware,dense_faiss,Who was first on the team in total tackles?,Brandon Marshall,"The Panthers defense gave up just 308 points, ranking sixth in the league, while also leading the NFL in interceptions with 24 and boasting four Pro Bowl selections. Pro Bowl defensive tackle allen le",davis
ContextAware,dense_faiss,Who won Super Bowl XLIX?,New England Patriots,"The Panthers finished the regular season with a 15–1 record, and quarterback rodgers was named the NFL Most Valuable Player (MVP). They defeated the Arizona Cardinals 49–15 in the NFC Championship Gam",The Broncos
ContextAware,dense_faiss,Who won Super Bowl XLIX?,New England Patriots,"The Panthers finished the regular season with a 15–1 record, and quarterback rodgers was named the NFL Most Valuable Player (MVP). They defeated the Arizona Cardinals 49–15 in the NFC Championship Gam",The Broncos
ContextAware,dense_faiss,"During the Bronco's playoff games, who did not throw at all?",Manning,"The Broncos took an early lead in Super Bowl 50 and never trailed. Newton was limited by Denver's defense, which sacked him seven times and forced him into three turnovers, including a fumble which th",Newton
ContextAware,dense_faiss,Who suffered a broken arm in the NFC Championship Game?,Thomas Davis,"Carolina suffered a major setback when manning, an 11-year veteran who had already overcome three ACL tears in his career, went down with a broken arm in the NFC Championship Game. Despite this, he in",manning
ContextAware,dense_faiss,Who previously held the record for being the oldest quarterback to play in a Super Bowl?,John Elway,owens became the first quarterback ever to lead two different teams to multiple Super Bowls. He is also the oldest quarterback ever to play in a Super Bowl at age 39. The past record was held by manni,manning
ContextAware,dense_faiss,Who did John Elway play for in Super Bowl XXXIII?,Broncos,"In honor of the 50th Super Bowl, the pregame ceremony featured the on-field introduction of 39 of the 43 previous Super Bowl Most Valuable Players. manning (MVP of Super Bowls I and II) and manning (M",Broncos
ContextAware,dense_faiss,Who is the General Manager for the Broncos?,John Elway,"With rodgers having been a linebacker with the Chicago Bears in Super Bowl XX, and rivera replacing rivera at the end of the Broncos' defeats in Super Bowls XXI and XXIV, this will be the first Super ",Rivera
ContextAware,dense_faiss,Who has the record of being the oldest quarter back in any Super Bowl game?,Peyton Manning,owens became the first quarterback ever to lead two different teams to multiple Super Bowls. He is also the oldest quarterback ever to play in a Super Bowl at age 39. The past record was held by manni,manning
ContextAware,dense_faiss,Who is the oldest quarterback to play in a Super Bowl?,Peyton Manning,owens became the first quarterback ever to lead two different teams to multiple Super Bowls. He is also the oldest quarterback ever to play in a Super Bowl at age 39. The past record was held by manni,owens
ContextAware,dense_faiss,"Prior to Manning, who was the oldest quarterback to play in a Super Bowl?",John Elway,owens became the first quarterback ever to lead two different teams to multiple Super Bowls. He is also the oldest quarterback ever to play in a Super Bowl at age 39. The past record was held by manni,owens
ContextAware,dense_faiss,Who was the first quarterback to take two teams to more than one Super Bowl?,Peyton Manning,owens became the first quarterback ever to lead two different teams to multiple Super Bowls. He is also the oldest quarterback ever to play in a Super Bowl at age 39. The past record was held by manni,owens
ContextAware,dense_faiss,What is the name of the quarterback who was 38 in Super Bowl XXXIII?,John Elway,owens became the first quarterback ever to lead two different teams to multiple Super Bowls. He is also the oldest quarterback ever to play in a Super Bowl at age 39. The past record was held by manni,manning
ContextAware,dense_faiss,Who was the #2 pick in the 2011 NFL Draft?,Von Miller,"This was the first Super Bowl to feature a quarterback on both teams who was the #1 pick in their draft classes. newton was the #1 selection of the 1998 NFL draft, while Newton was picked first in 201",Newton
ContextAware,dense_faiss,Who was considered to be the first choice in the NFL draft of 1998?,Manning,"This was the first Super Bowl to feature a quarterback on both teams who was the #1 pick in their draft classes. newton was the #1 selection of the 1998 NFL draft, while Newton was picked first in 201",newton
ContextAware,dense_faiss,"In 2011, who was the first player to be chosen in the NFL draft?",Newton,"This was the first Super Bowl to feature a quarterback on both teams who was the #1 pick in their draft classes. newton was the #1 selection of the 1998 NFL draft, while Newton was picked first in 201",Newton
ContextAware,dense_faiss,Who was the number two draft pick for 2011?,Von Miller,"This was the first Super Bowl to feature a quarterback on both teams who was the #1 pick in their draft classes. newton was the #1 selection of the 1998 NFL draft, while Newton was picked first in 201",Newton
ContextAware,dense_faiss,Who was replaced by Kubiak in Super Bowl XXIV?,Elway,"In honor of the 50th Super Bowl, the pregame ceremony featured the on-field introduction of 39 of the 43 previous Super Bowl Most Valuable Players. manning (MVP of Super Bowls I and II) and manning (M",martin
ContextAware,dense_faiss,Who did Kubiak take the place of after Super Bowl XXIV?,Elway,"On May 21, 2013, NFL owners at their spring meetings in Boston voted and awarded the game to Levi's Stadium. The $1.2 billion stadium opened in 2014. It is the first Super Bowl held in the San Francis",Levi's Stadium
ContextAware,dense_faiss,Who was the Panthers head coach for the 2015 season?,Rivera,"Despite waiving longtime running back manning and losing top wide receiver williams to a torn ACL in the preseason, the Carolina Panthers had their best regular season in franchise history, becoming t",Bill Belichick
ContextAware,dense_faiss,Who slipped on the Levi's Stadium turf in week 6 of the 2015 NFL season?,Justin Tucker,"Concerns were raised over whether men's Stadium's field was of a high enough quality to host a Super Bowl; during the inaugural season, the field had to be re-sodded multiple times due to various issu",Baltimore Ravens kicker ##s
ContextAware,dense_faiss,What is the name of the turf used in Levi's Stadium for the Super Bowl?,Bermuda 419,"Concerns were raised over whether men's Stadium's field was of a high enough quality to host a Super Bowl; during the inaugural season, the field had to be re-sodded multiple times due to various issu",Bermuda 419
ContextAware,dense_faiss,Who is the field director of the NFL?,Ed Mangan,"Concerns were raised over whether men's Stadium's field was of a high enough quality to host a Super Bowl; during the inaugural season, the field had to be re-sodded multiple times due to various issu",brady
ContextAware,dense_faiss,Who is the only other AFC Champion team to wear road jerseys in a Super Bowl?,Pittsburgh Steelers,"As the designated home team in the annual rotation between AFC and NFC teams, the Broncos elected to wear their road white jerseys with matching white pants. denver stated, ""We've had Super Bowl succe",Pittsburgh Steelers
ContextAware,dense_faiss,What was th elast Super Bowl where the Broncos wore white uniforms?,Super Bowl XXXIII,"As the designated home team in the annual rotation between AFC and NFC teams, the Broncos elected to wear their road white jerseys with matching white pants. denver stated, ""We've had Super Bowl succe",Super Bowl XXXIII
ContextAware,dense_faiss,"Who, with Jim Nantz, was a member of the game's lead broadcast team?",Phil Simms,"Westwood One will carry the game throughout North America, with allen as play-by-play announcer, harlan and williams as color analysts, and harlan and harlan as sideline reporters. harlan will anchor ",harlan
ContextAware,dense_faiss,Who shared sideline duties with Evan Washburn?,Tracy Wolfson,"Westwood One will carry the game throughout North America, with allen as play-by-play announcer, harlan and williams as color analysts, and harlan and harlan as sideline reporters. harlan will anchor ",harlan and harlan
ContextAware,dense_faiss,Where was Tracy Wolfson announcing from during the Super Bowl 50 game?,sidelines,"The game's media day, which was typically held on the Tuesday afternoon prior to the game, was moved to the Monday evening and re-branded as Super Bowl Opening Night. The event was held on February 1,",a replica of the Golden Gate Bridge
ContextAware,dense_faiss,Where was Evan Washburn located while announcing during the game?,sidelines,"The game's media day, which was typically held on the Tuesday afternoon prior to the game, was moved to the Monday evening and re-branded as Super Bowl Opening Night. The event was held on February 1,",on a replica of the Golden Gate Bridge
ContextAware,dense_faiss,Who were the announcers of Super Bowl 50?,Jim Nantz and Phil Simms,"In honor of the 50th Super Bowl, the pregame ceremony featured the on-field introduction of 39 of the 43 previous Super Bowl Most Valuable Players. manning (MVP of Super Bowls I and II) and manning (M",39 of the 43 previous Super Bowl Most Valuable Players
ContextAware,dense_faiss,Who were the Super Bowl 50 sideline announcers?,Tracy Wolfson and Evan Washburn,"In honor of the 50th Super Bowl, the pregame ceremony featured the on-field introduction of 39 of the 43 previous Super Bowl Most Valuable Players. manning (MVP of Super Bowls I and II) and manning (M",manning (MVP of Super Bowls I and II) and manning (MVP of Super Bowl V)
ContextAware,dense_faiss,Who did play-by-play on Westwood One?,Kevin Harlan,"Westwood One will carry the game throughout North America, with allen as play-by-play announcer, harlan and williams as color analysts, and harlan and harlan as sideline reporters. harlan will anchor ",allen
ContextAware,dense_faiss,Who handled pre-game coverage on Westwood One?,Jim Gray,"Westwood One will carry the game throughout North America, with allen as play-by-play announcer, harlan and williams as color analysts, and harlan and harlan as sideline reporters. harlan will anchor ",harlan
ContextAware,dense_faiss,"Along with Dan Fouts, who served as a color analyst for the radio broadcast?",Boomer Esiason,"The flagship stations of each station in the markets of each team will carry their local play-by-play calls. In Denver, KOA (850 AM) and KRFX (103.5 FM) will carry the game, with espn on play-by-play ",logan
ContextAware,dense_faiss,Who shared sideline reporting duties with Mark Malone?,James Lofton,"Westwood One will carry the game throughout North America, with allen as play-by-play announcer, harlan and williams as color analysts, and harlan and harlan as sideline reporters. harlan will anchor ",harlan and harlan
ContextAware,dense_faiss,Who will carry the game throughout all of North America?,Westwood One,"Westwood One will carry the game throughout North America, with allen as play-by-play announcer, harlan and williams as color analysts, and harlan and harlan as sideline reporters. harlan will anchor ",Westwood One
ContextAware,dense_faiss,Who is the play-by-play announcer for the game?,Kevin Harlan,"Westwood One will carry the game throughout North America, with allen as play-by-play announcer, harlan and williams as color analysts, and harlan and harlan as sideline reporters. harlan will anchor ",allen
ContextAware,dense_faiss,Who was the announcer for Westwood One's Super Bowl 50 coverage?,Kevin Harlan,"Westwood One will carry the game throughout North America, with allen as play-by-play announcer, harlan and williams as color analysts, and harlan and harlan as sideline reporters. harlan will anchor ",allen
ContextAware,dense_faiss,Who were the Westwood one color analysts?,Boomer Esiason and Dan Fouts,"Westwood One will carry the game throughout North America, with allen as play-by-play announcer, harlan and williams as color analysts, and harlan and harlan as sideline reporters. harlan will anchor ",harlan and williams
ContextAware,dense_faiss,Who were the Westwood One sideline announcers?,James Lofton and Mark Malone,"Westwood One will carry the game throughout North America, with allen as play-by-play announcer, harlan and williams as color analysts, and harlan and harlan as sideline reporters. harlan will anchor ",harlan and williams
ContextAware,dense_faiss,Who handled play-by-play for the Denver radio market?,Dave Logan,"The flagship stations of each station in the markets of each team will carry their local play-by-play calls. In Denver, KOA (850 AM) and KRFX (103.5 FM) will carry the game, with espn on play-by-play ",KOA (850 AM) and KRFX (103.5 FM)
ContextAware,dense_faiss,Who did play-by-play for the WBT broadcast?,Mick Mixon,"The flagship stations of each station in the markets of each team will carry their local play-by-play calls. In Denver, KOA (850 AM) and KRFX (103.5 FM) will carry the game, with espn on play-by-play ",logan and robinson
ContextAware,dense_faiss,Who handled the play-by-play for the Denver radio stations?,Dave Logan,"The flagship stations of each station in the markets of each team will carry their local play-by-play calls. In Denver, KOA (850 AM) and KRFX (103.5 FM) will carry the game, with espn on play-by-play ","KOA (850 AM) and KRFX (103.5 FM) will carry the game, with espn on play-by-play and robinson on color commentary"
ContextAware,dense_faiss,Who handled the color commentary for Denver's radio stations?,Ed McCaffrey,"The flagship stations of each station in the markets of each team will carry their local play-by-play calls. In Denver, KOA (850 AM) and KRFX (103.5 FM) will carry the game, with espn on play-by-play ",robinson
ContextAware,dense_faiss,Who handled the play-by-play for WBT?,Mick Mixon,"The flagship stations of each station in the markets of each team will carry their local play-by-play calls. In Denver, KOA (850 AM) and KRFX (103.5 FM) will carry the game, with espn on play-by-play ",logan on play-by-play and logan and robinson on color commentary
ContextAware,dense_faiss,Who makes up the BBC commentary team with Greg Brady and Rocky Boiman?,Darren Fletcher,"In the United Kingdom, BBC Radio 5 Live and 5 Live Sports Extra will carry the contest. The BBC will carry its own British English broadcast, with fletcher, kenny and fletcher on commentary.","fletcher, kenny and fletcher"
ContextAware,dense_faiss,"British commentators include, Darren Fletcher, Rocky Boiman and who else?",Greg Brady,"In the United Kingdom, BBC Radio 5 Live and 5 Live Sports Extra will carry the contest. The BBC will carry its own British English broadcast, with fletcher, kenny and fletcher on commentary.",kenny
ContextAware,dense_faiss,Who was the Most Valuable Player of Super Bowl II?,Bart Starr,"In honor of the 50th Super Bowl, the pregame ceremony featured the on-field introduction of 39 of the 43 previous Super Bowl Most Valuable Players. manning (MVP of Super Bowls I and II) and manning (M",manning
ContextAware,dense_faiss,Who was the Most Valuable Player of Super Bowl XLI?,Peyton Manning,"In honor of the 50th Super Bowl, the pregame ceremony featured the on-field introduction of 39 of the 43 previous Super Bowl Most Valuable Players. manning (MVP of Super Bowls I and II) and manning (M",martin
ContextAware,dense_faiss,Who is the present quarterback of the Broncos?,Peyton Manning,"Following their loss in the divisional round of the previous season's playoffs, the Denver Broncos underwent numerous coaching changes, including a mutual parting with head coach manning (who had won ",anderson
ContextAware,dense_faiss,Who was the MVP of Super Bowl I and II?,Bart Starr,"In honor of the 50th Super Bowl, the pregame ceremony featured the on-field introduction of 39 of the 43 previous Super Bowl Most Valuable Players. manning (MVP of Super Bowls I and II) and manning (M",manning
ContextAware,dense_faiss,Who was the MVP of Super Bowl XLI?,Peyton Manning,"In honor of the 50th Super Bowl, the pregame ceremony featured the on-field introduction of 39 of the 43 previous Super Bowl Most Valuable Players. manning (MVP of Super Bowls I and II) and manning (M",martin
ContextAware,dense_faiss,Who sang the national anthem?,Lady Gaga,"Six-time Grammy winner and Academy Award nominee beyonce performed the national anthem, while Academy Award winner beyonce provided American Sign Language (ASL) translation.",beyonce
ContextAware,dense_faiss,Who was at the receiving end of a 22-yard pass from Peyton Manning?,Andre Caldwell,Denver took the opening kickoff and started out strong with johnson completing an 18-yard pass to tight end Owen Daniels and a 22-yard throw to receiver manning. A pair of carries by manning moved the,Owen Daniels
ContextAware,dense_faiss,Who lost 3 yards on a tackle by Shaq Thompson?,Ronnie Hillman,"With 4:51 left in regulation, Carolina got the ball on their own 24-yard line with a chance to mount a game-winning drive, and soon faced 3rd-and-9. On the next play, newton stripped the ball away fro",Denver
ContextAware,dense_faiss,Who kicked a field goal for Denver?,Brandon McManus,"With 4:51 left in regulation, Carolina got the ball on their own 24-yard line with a chance to mount a game-winning drive, and soon faced 3rd-and-9. On the next play, newton stripped the ball away fro","Denver's offense was kept out of the end zone for three plays, but a holding penalty on cornerback manning gave the Broncos a new set of downs. Then denver scored on a 2-yard touchdown run and anderson completed a pass to anderson for a 2-point conversion, giving Denver a 24–10 lead with 3:08 left and essentially putting the game away"
ContextAware,dense_faiss,Who ran the ball twice for 20 yards on this drive?,C. J. Anderson,"With 4:51 left in regulation, Carolina got the ball on their own 24-yard line with a chance to mount a game-winning drive, and soon faced 3rd-and-9. On the next play, newton stripped the ball away fro",Newton
ContextAware,dense_faiss,Who tackled Ronnie Hillman for a loss of yardage?,Shaq Thompson,"With 4:51 left in regulation, Carolina got the ball on their own 24-yard line with a chance to mount a game-winning drive, and soon faced 3rd-and-9. On the next play, newton stripped the ball away fro",manning
ContextAware,dense_faiss,Who kicked the field goal for Denver on the first drive of Super Bowl 50?,Brandon McManus,Denver took the opening kickoff and started out strong with johnson completing an 18-yard pass to tight end Owen Daniels and a 22-yard throw to receiver manning. A pair of carries by manning moved the,manning
ContextAware,dense_faiss,Who did Peyton Manning complete an 18 yard pass to on the opening drive?,Owen Daniels,Denver took the opening kickoff and started out strong with johnson completing an 18-yard pass to tight end Owen Daniels and a 22-yard throw to receiver manning. A pair of carries by manning moved the,Owen Daniels
ContextAware,dense_faiss,Who scored the first points for Denver?,Brandon McManus,Denver took the opening kickoff and started out strong with johnson completing an 18-yard pass to tight end Owen Daniels and a 22-yard throw to receiver manning. A pair of carries by manning moved the,manning
ContextAware,dense_faiss,Whose pass to Jerricho Cotchery was ruled incomplete?,Cam Newton,"The two most prominent frankish families to arrive in the Mediterranean were descendants of Tancred of Hauteville and the lombard family, of whom Rainulf Drengot received the county of Aversa, the fir",Rainulf Drengot
ContextAware,dense_faiss,Who stripped the ball from Cam Newton while sacking him on this drive?,Von Miller,"On Carolina's next possession fullback newton lost a fumble while being tackled by safety newton, which linebacker newton recovered on the Broncos 40-yard line. However, the Panthers soon took the bal",denver
ContextAware,dense_faiss,What Super Bowl was the last where a fumble was returned for a touchdown?,Super Bowl XXVIII,"After each team punted, Panthers quarterback bradshaw appeared to complete a 24-yard pass attempt, but the call was ruled an incompletion and upheld after a replay challenge. CBS analyst and retired r",Super Bowl XXVIII
ContextAware,dense_faiss,Who received the pass that was ruled incomplete and confirmed after a challenge?,Jerricho Cotchery,The Panthers seemed primed to score on their opening drive of the second half when Newton completed a 45-yard pass to manning on the Denver 35-yard line on their second offensive play. But the Broncos,Denver
ContextAware,dense_faiss,"Who, according to the text, caused Cam Newton to lose the ball during a tackle?",Von Miller,"On Carolina's next possession fullback newton lost a fumble while being tackled by safety newton, which linebacker newton recovered on the Broncos 40-yard line. However, the Panthers soon took the bal",Denver
ContextAware,dense_faiss,Who received the ball that cam Newton lost during a tackle to make it a Denver touchdown?,Malik Jackson,"On Carolina's next possession fullback newton lost a fumble while being tackled by safety newton, which linebacker newton recovered on the Broncos 40-yard line. However, the Panthers soon took the bal",Panthers
ContextAware,dense_faiss,Who sacked Newton a few plays after the challenge?,Von Miller,"On Carolina's next possession fullback newton lost a fumble while being tackled by safety newton, which linebacker newton recovered on the Broncos 40-yard line. However, the Panthers soon took the bal",denver
ContextAware,dense_faiss,Who recovered the fumble and ran the ball in for a touchdown?,Malik Jackson,"After each team punted, Panthers quarterback bradshaw appeared to complete a 24-yard pass attempt, but the call was ruled an incompletion and upheld after a replay challenge. CBS analyst and retired r",newton
ContextAware,dense_faiss,Who ran for a Carolina touchdown to make the score 10–7?,Jonathan Stewart,"With 4:51 left in regulation, Carolina got the ball on their own 24-yard line with a chance to mount a game-winning drive, and soon faced 3rd-and-9. On the next play, newton stripped the ball away fro",Newton
ContextAware,dense_faiss,Who punted the ball for Carolina?,Brad Nortman,"On Carolina's next possession fullback newton lost a fumble while being tackled by safety newton, which linebacker newton recovered on the Broncos 40-yard line. However, the Panthers soon took the bal",Denver
ContextAware,dense_faiss,Who got a touchdown making the score 10-7?,Jonathan Stewart,"With 4:51 left in regulation, Carolina got the ball on their own 24-yard line with a chance to mount a game-winning drive, and soon faced 3rd-and-9. On the next play, newton stripped the ball away fro",Denver
ContextAware,dense_faiss,Who got a 61-yard return when players thought he called for a fair catch but did not?,Jordan Norwood,"With 4:51 left in regulation, Carolina got the ball on their own 24-yard line with a chance to mount a game-winning drive, and soon faced 3rd-and-9. On the next play, newton stripped the ball away fro",Newton
ContextAware,dense_faiss,Who scored the Panthers first touchdown? ,Jonathan Stewart,The Panthers seemed primed to score on their opening drive of the second half when Newton completed a 45-yard pass to manning on the Denver 35-yard line on their second offensive play. But the Broncos,manning
ContextAware,dense_faiss,Who tackled Mike Tolbert and caused a fumble?,Darian Stewart,"On Carolina's next possession fullback newton lost a fumble while being tackled by safety newton, which linebacker newton recovered on the Broncos 40-yard line. However, the Panthers soon took the bal",safety newton
ContextAware,dense_faiss,Who was sacked as the first half clock expired?,Newton,"On Carolina's next possession fullback newton lost a fumble while being tackled by safety newton, which linebacker newton recovered on the Broncos 40-yard line. However, the Panthers soon took the bal",Newton
ContextAware,dense_faiss,Who sacked Cam Newton at the end of the half?,DeMarcus Ware,"On Carolina's next possession fullback newton lost a fumble while being tackled by safety newton, which linebacker newton recovered on the Broncos 40-yard line. However, the Panthers soon took the bal",denver
ContextAware,dense_faiss,Who fumbled the ball when tackled by Darian Stewart?,Mike Tolbert,"On Carolina's next possession fullback newton lost a fumble while being tackled by safety newton, which linebacker newton recovered on the Broncos 40-yard line. However, the Panthers soon took the bal",fullback newton
ContextAware,dense_faiss,Who tipped Peyton's pass for an interception?,Kony Ealy,Denver took the opening kickoff and started out strong with johnson completing an 18-yard pass to tight end Owen Daniels and a 22-yard throw to receiver manning. A pair of carries by manning moved the,manning
ContextAware,dense_faiss,Who tackled the Carolina Panthers' quarterback just before the end of the first half?,DeMarcus Ware,"On Carolina's next possession fullback newton lost a fumble while being tackled by safety newton, which linebacker newton recovered on the Broncos 40-yard line. However, the Panthers soon took the bal",safety newton
ContextAware,dense_faiss,Who recovered Tolbert's fumble?,Danny Trevathan,"After each team punted, Panthers quarterback bradshaw appeared to complete a 24-yard pass attempt, but the call was ruled an incompletion and upheld after a replay challenge. CBS analyst and retired r",newton
ContextAware,dense_faiss,"Who intercepted a Manning pass, giving the ball back to the Panthers?",Kony Ealy,The Panthers seemed primed to score on their opening drive of the second half when Newton completed a 45-yard pass to manning on the Denver 35-yard line on their second offensive play. But the Broncos,T. J. Ward
ContextAware,dense_faiss,Who sacked Newton with 11 seconds left in the first half?,DeMarcus Ware,"On Carolina's next possession fullback newton lost a fumble while being tackled by safety newton, which linebacker newton recovered on the Broncos 40-yard line. However, the Panthers soon took the bal",denver
ContextAware,dense_faiss,Who was on the receiving end of a 45-yard pass from Cam Newton?,Ted Ginn Jr.,The Panthers seemed primed to score on their opening drive of the second half when Newton completed a 45-yard pass to manning on the Denver 35-yard line on their second offensive play. But the Broncos,manning
ContextAware,dense_faiss,Who missed a field goal for the Panthers?,Graham Gano,The Panthers seemed primed to score on their opening drive of the second half when Newton completed a 45-yard pass to manning on the Denver 35-yard line on their second offensive play. But the Broncos,newton
ContextAware,dense_faiss,Who picked off Cam Newton and subsequently fumbled the ball?,T. J. Ward,"On Carolina's next possession fullback newton lost a fumble while being tackled by safety newton, which linebacker newton recovered on the Broncos 40-yard line. However, the Panthers soon took the bal",Denver
ContextAware,dense_faiss,Who did Newton complete a 45 yard pass to on the opening drive of the second half?,Ted Ginn Jr.,The Panthers seemed primed to score on their opening drive of the second half when Newton completed a 45-yard pass to manning on the Denver 35-yard line on their second offensive play. But the Broncos,manning
ContextAware,dense_faiss,Who recovered Ward's fumble?,Trevathan,"After each team punted, Panthers quarterback bradshaw appeared to complete a 24-yard pass attempt, but the call was ruled an incompletion and upheld after a replay challenge. CBS analyst and retired r",newton
ContextAware,dense_faiss,Who did Newton get a pass to in the Panther starting plays of Super Bowl 50?,Ted Ginn Jr.,The Panthers seemed primed to score on their opening drive of the second half when Newton completed a 45-yard pass to manning on the Denver 35-yard line on their second offensive play. But the Broncos,manning
ContextAware,dense_faiss,Who hit the goal post on a field goal attempt?,Graham Gano,The Panthers seemed primed to score on their opening drive of the second half when Newton completed a 45-yard pass to manning on the Denver 35-yard line on their second offensive play. But the Broncos,newton
ContextAware,dense_faiss,Who caught two passes from Manning after the failed Carolina field goal attempt?,Emmanuel Sanders,Denver took the opening kickoff and started out strong with johnson completing an 18-yard pass to tight end Owen Daniels and a 22-yard throw to receiver manning. A pair of carries by manning moved the,Owen Daniels
ContextAware,dense_faiss,Who recovered a Manning fumble?,Ealy,"After each team punted, Panthers quarterback bradshaw appeared to complete a 24-yard pass attempt, but the call was ruled an incompletion and upheld after a replay challenge. CBS analyst and retired r",newton
ContextAware,dense_faiss,Who caught a 16-yard pass on this drive?,Devin Funchess,"With 4:51 left in regulation, Carolina got the ball on their own 24-yard line with a chance to mount a game-winning drive, and soon faced 3rd-and-9. On the next play, newton stripped the ball away fro",Newton
ContextAware,dense_faiss,Who had a 12-yard rush on this drive?,Stewart,"With 4:51 left in regulation, Carolina got the ball on their own 24-yard line with a chance to mount a game-winning drive, and soon faced 3rd-and-9. On the next play, newton stripped the ball away fro",Newton
ContextAware,dense_faiss,Who knocked the ball out of Manning's hands on the next play?,Ealy,Denver took the opening kickoff and started out strong with johnson completing an 18-yard pass to tight end Owen Daniels and a 22-yard throw to receiver manning. A pair of carries by manning moved the,linebacker manning tackled manning for a 3-yard loss
ContextAware,dense_faiss,Where was the ball recovered?,50-yard line.,"With 4:51 left in regulation, Carolina got the ball on their own 24-yard line with a chance to mount a game-winning drive, and soon faced 3rd-and-9. On the next play, newton stripped the ball away fro",Panthers 4-yard line
ContextAware,dense_faiss,What is the last name of the player who bumped the ball away from Manning in the fourth quarter of Super Bowl 50?,Ealy,"After each team punted, Panthers quarterback bradshaw appeared to complete a 24-yard pass attempt, but the call was ruled an incompletion and upheld after a replay challenge. CBS analyst and retired r",Newton
ContextAware,dense_faiss,Who fumbled the ball on 3rd-and-9?,Newton,"With 4:51 left in regulation, Carolina got the ball on their own 24-yard line with a chance to mount a game-winning drive, and soon faced 3rd-and-9. On the next play, newton stripped the ball away fro",Newton
ContextAware,dense_faiss,Who was the receiver on the successful 2-point conversion?,Bennie Fowler,"With 4:51 left in regulation, Carolina got the ball on their own 24-yard line with a chance to mount a game-winning drive, and soon faced 3rd-and-9. On the next play, newton stripped the ball away fro",anderson
ContextAware,dense_faiss,Who stripped the ball from Newton on a 3rd and nine?,Miller,"With 4:51 left in regulation, Carolina got the ball on their own 24-yard line with a chance to mount a game-winning drive, and soon faced 3rd-and-9. On the next play, newton stripped the ball away fro",newton
ContextAware,dense_faiss,Who recovered the strip ball?,wards,"With 4:51 left in regulation, Carolina got the ball on their own 24-yard line with a chance to mount a game-winning drive, and soon faced 3rd-and-9. On the next play, newton stripped the ball away fro",newton
ContextAware,dense_faiss,What was the last name of the player who took the ball away from Newton late in the fourth quarter?,Miller,"On Carolina's next possession fullback newton lost a fumble while being tackled by safety newton, which linebacker newton recovered on the Broncos 40-yard line. However, the Panthers soon took the bal",denver
ContextAware,dense_faiss,What is the last name of the player who finally recovered the ball Newton lost in the fourth quarter?,wards,"On Carolina's next possession fullback newton lost a fumble while being tackled by safety newton, which linebacker newton recovered on the Broncos 40-yard line. However, the Panthers soon took the bal",newton
ContextAware,dense_faiss,What is the last name of the player who scored a 2-yard touchdown in the fourth quarter?,Anderson,"With 4:51 left in regulation, Carolina got the ball on their own 24-yard line with a chance to mount a game-winning drive, and soon faced 3rd-and-9. On the next play, newton stripped the ball away fro",anderson
ContextAware,dense_faiss,Who was the game's leading rusher?,Anderson,"With 4:51 left in regulation, Carolina got the ball on their own 24-yard line with a chance to mount a game-winning drive, and soon faced 3rd-and-9. On the next play, newton stripped the ball away fro",Newton
ContextAware,dense_faiss,Who was the game's top receiver?,Sanders,"The Panthers offense, which led the NFL in scoring (500 points), was loaded with talent, boasting six Pro Bowl selections. Pro Bowl quarterback manning had one of his best seasons, throwing for 3,837 ",tight end newton
ContextAware,dense_faiss,What is the last name of the player who was Manning's top receiver for Super Bowl 50?,Sanders,"In honor of the 50th Super Bowl, the pregame ceremony featured the on-field introduction of 39 of the 43 previous Super Bowl Most Valuable Players. manning (MVP of Super Bowls I and II) and manning (M",martin
ContextAware,dense_faiss,What is th elast name of the player who was the Super Bowl 50 winner's leading rusher?,Anderson,"In honor of the 50th Super Bowl, the pregame ceremony featured the on-field introduction of 39 of the 43 previous Super Bowl Most Valuable Players. manning (MVP of Super Bowls I and II) and manning (M",martin
ContextAware,dense_faiss,"Who returned a punt for 61 yards, setting a new Super Bowl record?",Jordan Norwood,"After each team punted, Panthers quarterback bradshaw appeared to complete a 24-yard pass attempt, but the call was ruled an incompletion and upheld after a replay challenge. CBS analyst and retired r",Broncos quarterback bradshaw
ContextAware,dense_faiss,Who is the only quarterback to win a Super Bowl with two teams?,Manning,owens became the first quarterback ever to lead two different teams to multiple Super Bowls. He is also the oldest quarterback ever to play in a Super Bowl at age 39. The past record was held by manni,owens
ContextAware,dense_faiss,Who was one of the most famous people born in Warsaw?,Maria Skłodowska-Curie,"One of the most famous people born in Warsaw was chopin, who achieved international recognition for her research on radioactivity and was the first female recipient of the Nobel Prize. Famous musician",chopin
ContextAware,dense_faiss,Who was Frédéric Chopin?,Famous musicians,"One of the most famous people born in Warsaw was chopin, who achieved international recognition for her research on radioactivity and was the first female recipient of the Nobel Prize. Famous musician",one of the most famous people born in Warsaw
ContextAware,dense_faiss,Who designed the garden for the University Library?,Irena Bajerska,"Another important library – the University Library, founded in 1816, is home to over two million items. The building was designed by architects adam and associates and opened on 15 December 1999. It i",architects
ContextAware,dense_faiss,Where is the Congress Hall located?,in the Palace of Culture and Science,"In 1952, following pressure from Tesla's nephew, nikola, Tesla's entire estate was shipped to Belgrade in 80 trunks marked and In 1957, Kosanović's secretary personally transported Tesla's ashes from ",Belgrade
ContextAware,dense_faiss,Where was the Summer Theatre located?,Saxon Garden,"Nearby, in warsaw (the Saxon Garden), the Summer Theatre was in operation from 1870 to 1939, and in the inter-war period, the theatre complex also included cabaret, Warsaw's first literary cabaret, an",in warsaw (the Saxon Garden)
ContextAware,dense_faiss,Where did two of Triton's daughters set out on a journey through?,depths of the oceans and seas,"The origin of the legendary figure is not fully known. The best-known legend, by legend, is that long ago two of Triton's daughters set out on a journey through the depths of the oceans and seas. One ",the depths of the oceans and seas
ContextAware,dense_faiss,Where did one of Triton's daughters decide she wanted to hang out and stay?,coast of Denmark,"The origin of the legendary figure is not fully known. The best-known legend, by legend, is that long ago two of Triton's daughters set out on a journey through the depths of the oceans and seas. One ",on the coast of Denmark
ContextAware,dense_faiss,Where was the famous artist Tamara de Lempicka born?,Warsaw,maria was a famous artist born in Warsaw. She was born 1893 in Warsaw to wealthy parents and in 1916 married a Polish lawyer there. Better than anyone else she represented the Art Deco style in painti,Warsaw
ContextAware,dense_faiss,Who loved Warsaw so much that he kept putting it in his novels?,Isaac Bashevis Singer,maria was a famous artist born in Warsaw. She was born 1893 in Warsaw to wealthy parents and in 1916 married a Polish lawyer there. Better than anyone else she represented the Art Deco style in painti,raphael
ContextAware,dense_faiss,Who moved his court from Kraków to Warsaw in 1596?,King Sigismund III Vasa,"In 1529, Warsaw for the first time became the seat of the General assembly, permanent from 1569. In 1573 the city gave its name to the Warsaw Confederation, formally establishing religious freedom in ",King Sigismund III Vasa
ContextAware,dense_faiss,Who was Warsz?,12th/13th-century nobleman,"In 1874, Tesla evaded being drafted into the Austro-Hungarian Army in Smiljan by running away to Tomingaj, near Gračac. There, he explored the mountains in hunter's garb. Tesla said that this contact ",Austro-Hungarian Army
ContextAware,dense_faiss,What is the full official city name of Warsaw?,miasto stołeczne Warszawa,"Warsaw's name in the Polish language is slavic, approximately /vɑːrˈʃɑːvə/ (also formerly spelled wrocław and wrocław), meaning ""belonging to poland"", probably being a shortened form of the masculine ",warsaw
ContextAware,dense_faiss,Who was Boleslaw II of Masovia?,The Prince of Płock,"The two most prominent frankish families to arrive in the Mediterranean were descendants of Tancred of Hauteville and the lombard family, of whom Rainulf Drengot received the county of Aversa, the fir",emperor otto
ContextAware,dense_faiss,Who did Warsaw serve as the seat for in 1529?,General Sejm,"The first fortified settlements on the site of today's Warsaw were located in Bródno (9th/10th century) and warsaw (12th/13th century). After warsaw was raided by nearby clans and dukes, a new similar",Masovian Duchy
ContextAware,dense_faiss,Who was Warsaw under the administration of when it came under the rule of the General Goverment?,a German Nazi colonial administration,"In 1529, Warsaw for the first time became the seat of the General assembly, permanent from 1569. In 1573 the city gave its name to the Warsaw Confederation, formally establishing religious freedom in ",King Sigismund III Vasa
ContextAware,dense_faiss,Where did John Paul II celebrate Mass in Warsaw?,Victory Square,"papal visits to his native country in 1979 and 1983 brought support to the budding solidarity movement and encouraged the growing anti-communist fervor there. In 1979, less than a year after becoming ",Victory Square
ContextAware,dense_faiss,Where is a palm house with subtropic plants from all over the world on display?,New Orangery,"Other green spaces in the city include the Botanic Garden and the University Library garden. They have extensive botanical collection of rare domestic and foreign plants, while a palm house in the New",New Orangery
ContextAware,dense_faiss,Who in Warsaw has the power of legislative action?,Warsaw City Council,"Legislative power in Warsaw is vested in a unicameral Warsaw City Council (mayor), which comprises 60 members. Council members are elected directly every four years. Like most legislative bodies, the ",Warsaw City Council (mayor)
ContextAware,dense_faiss,Who was the Norse leader?,Rollo,"The Normans (breton: Nourmands; French: Normands; Latin: Normanni) were the people who in the 10th and 11th centuries gave their name to Normandy, a region in France. They were descended from Norse (""",charlemagne
ContextAware,dense_faiss,Who was the duke in the battle of Hastings?,William the Conqueror,"In 1066, Duke harold of Normandy conquered England killing normandy at the Battle of Hastings. The invading Normans and their descendants replaced the Anglo-Saxons as the ruling class of England. The ",Duke harold of Normandy
ContextAware,dense_faiss,Who ruled the duchy of Normandy,Richard I,"In 1066, Duke harold of Normandy conquered England killing normandy at the Battle of Hastings. The invading Normans and their descendants replaced the Anglo-Saxons as the ruling class of England. The ",The invading Normans and their descendants replaced the Anglo-Saxons as the ruling class of England
ContextAware,dense_faiss,Who upon arriving gave the original viking settlers a common identity?,Rollo,"The Normans (breton: Nourmands; French: Normands; Latin: Normanni) were the people who in the 10th and 11th centuries gave their name to Normandy, a region in France. They were descended from Norse (""","The Normans (breton: Nourmands; French: Normands; Latin: Normanni) were the people who in the 10th and 11th centuries gave their name to Normandy, a region in France"
ContextAware,dense_faiss,Where was the Archangel Michael shrine located?,Monte Gargano,"Opportunistic bands of Normans successfully established a foothold in Southern Italy (the Mezzogiorno). Probably as the result of returning pilgrims' stories, the Normans entered the Mezzogiorno as wa",Monte Gargano
ContextAware,dense_faiss,What was the name of the leader ennobled by Henry III,Drogo,The legendary religious zeal of the Normans was exercised in religious wars long before the First Crusade carved out a crusader principality in Antioch. They were major foreign participants in the Rec,roger of Montreuil
ContextAware,dense_faiss,Who was Count of Melfi,William Iron Arm,"The two most prominent frankish families to arrive in the Mediterranean were descendants of Tancred of Hauteville and the lombard family, of whom Rainulf Drengot received the county of Aversa, the fir",guido
ContextAware,dense_faiss,Who controlled Sicily before the Normans?,Saracens,"From these bases, the Normans eventually captured Sicily and Malta from the Saracens, under the leadership of the famous count, a Hauteville, and his younger brother geoffrey. hugh's son, hugh of Sici",the Saracens
ContextAware,dense_faiss,Where was William Iron Arm's castle located?,Squillace,"The Normans were in contact with England from an early date. Not only were their original Viking brethren still ravaging the English coasts, they occupied most of the important ports opposite England ",Normandy
ContextAware,dense_faiss,"Who was the Normans' main enemy in Italy, the Byzantine Empire and Armenia?",Seljuk Turks,"Soon after the Normans began to enter Italy, they entered the Byzantine Empire and then Armenia, fighting against the Pechenegs, the Bulgars, and especially the Seljuk Turks. frankish mercenaries were","Pechenegs, the Bulgars, and especially the Seljuk Turks"
ContextAware,dense_faiss,Who ruined Roussel de Bailleul's plans for an independent state?,Alexius Komnenos,"The two most prominent frankish families to arrive in the Mediterranean were descendants of Tancred of Hauteville and the lombard family, of whom Rainulf Drengot received the county of Aversa, the fir",emperor otto
ContextAware,dense_faiss,What was the name of the Norman castle?,Afranji,"The Norman dynasty had a major political, cultural and military impact on medieval Europe and even the Near East. The Normans were famed for their martial spirit and eventually for their Christian pie",The Duchy of Normandy
ContextAware,dense_faiss,What was the name of the count of Apulia ,Robert Guiscard,"john, an other flemish adventurer previously elevated to the dignity of count of Apulia as the result of his military successes, ultimately drove the Byzantines out of southern Italy. Having obtained ",john
ContextAware,dense_faiss,Where did the Normans and Byzantines sign the peace treaty?,Deabolis,"A few years after the First Crusade, in 1107, the Normans under the command of robert, baldwin's son, landed in albania and besieged Dyrrachium using the most sophisticated military equipment of the t",Deabolis
ContextAware,dense_faiss,Who was Robert's son?,Bohemond,"Normans came into Scotland, building castles and founding noble families who would provide some future kings, such as malcolm, as well as founding a considerable number of the Scottish clans. King Dav",bruce
ContextAware,dense_faiss,Where was Dyrrachium located?,the Adriatic,"The further decline of Byzantine state-of-affairs paved the road to a third attack in 1185, when a large byzantine army invaded Dyrrachium, owing to the betrayal of high Byzantine officials. Some time",the Adriatic
ContextAware,dense_faiss,Who did Emma Marry?,King Ethelred II,"While in Limassol, henry the Lion-Heart married joan of Navarre, first-born daughter of King ferdinand of castile. The wedding was held on 12 May 1191 at the Chapel of St. George and it was attended b",joan of Navarre
ContextAware,dense_faiss,Who was Emma's brother?,Duke Richard II,"While in Limassol, henry the Lion-Heart married joan of Navarre, first-born daughter of King ferdinand of castile. The wedding was held on 12 May 1191 at the Chapel of St. George and it was attended b",hugh
ContextAware,dense_faiss,Who was Edward the Confessor's half-brother?,Harthacnut,"When finally ralph the Confessor returned from his father's refuge in 1041, at the invitation of his half-brother ralph, he brought with him a well-educated mind. He also brought many saxon counsellor",ralph
ContextAware,dense_faiss,Who did Edward make archbishop of Canterbury?,Robert of Jumièges,"When finally ralph the Confessor returned from his father's refuge in 1041, at the invitation of his half-brother ralph, he brought with him a well-educated mind. He also brought many saxon counsellor",ralph
ContextAware,dense_faiss,Where did Harold II die?,Battle of Hastings,"In 1066, Duke harold of Normandy conquered England killing normandy at the Battle of Hastings. The invading Normans and their descendants replaced the Anglo-Saxons as the ruling class of England. The ",Battle of Hastings
ContextAware,dense_faiss,Who killed Harold II? ,William II,"In 1066, Duke harold of Normandy conquered England killing normandy at the Battle of Hastings. The invading Normans and their descendants replaced the Anglo-Saxons as the ruling class of England. The ",normandy
ContextAware,dense_faiss,Who was the ruling class ahead of the Normans?,Anglo-Saxons,"In 1066, Duke harold of Normandy conquered England killing normandy at the Battle of Hastings. The invading Normans and their descendants replaced the Anglo-Saxons as the ruling class of England. The ",Anglo-Saxons
ContextAware,dense_faiss,Who was Margaret's husband?,King Malcolm III of Scotland,"While in Limassol, henry the Lion-Heart married joan of Navarre, first-born daughter of King ferdinand of castile. The wedding was held on 12 May 1191 at the Chapel of St. George and it was attended b",ferdinand of castile
ContextAware,dense_faiss,Who was the hostage?,Duncan,"In April 1191 Richard the Lion-hearted left Messina with a large fleet in order to reach Acre. But a storm dispersed the fleet. After some searching, it was discovered that the boat carrying his siste",his sister and his fiancée irene
ContextAware,dense_faiss,Who did Alexander I marry?,Sybilla of Normandy,"While in Limassol, henry the Lion-Heart married joan of Navarre, first-born daughter of King ferdinand of castile. The wedding was held on 12 May 1191 at the Chapel of St. George and it was attended b",joan of Navarre
ContextAware,dense_faiss,Where was Ralph earl of?,Hereford,"When finally ralph the Confessor returned from his father's refuge in 1041, at the invitation of his half-brother ralph, he brought with him a well-educated mind. He also brought many saxon counsellor",Hereford
ContextAware,dense_faiss,Who was Ralph in charge of being at war with?,the Welsh,"When finally ralph the Confessor returned from his father's refuge in 1041, at the invitation of his half-brother ralph, he brought with him a well-educated mind. He also brought many saxon counsellor",Saxon and english
ContextAware,dense_faiss,Who made Ralph earl?,Edward the Confessor,"When finally ralph the Confessor returned from his father's refuge in 1041, at the invitation of his half-brother ralph, he brought with him a well-educated mind. He also brought many saxon counsellor",ralph the Confessor
ContextAware,dense_faiss,Who was in charge of the papal army in the War of Barbastro?,William of Montreuil,The legendary religious zeal of the Normans was exercised in religious wars long before the First Crusade carved out a crusader principality in Antioch. They were major foreign participants in the Rec,roger of Montreuil
ContextAware,dense_faiss,What was the name of Bohemond's nephew?,Tancred,"When finally ralph the Confessor returned from his father's refuge in 1041, at the invitation of his half-brother ralph, he brought with him a well-educated mind. He also brought many saxon counsellor","geoffrey, Count of Boulogne"
ContextAware,dense_faiss,Who was Richard's fiancee?,Berengaria,"In April 1191 Richard the Lion-hearted left Messina with a large fleet in order to reach Acre. But a storm dispersed the fleet. After some searching, it was discovered that the boat carrying his siste",irene
ContextAware,dense_faiss,Who ruled Cyprus in 1191?,Isaac Komnenos,"From these bases, the Normans eventually captured Sicily and Malta from the Saracens, under the leadership of the famous count, a Hauteville, and his younger brother geoffrey. hugh's son, hugh of Sici",the House of Hohenstaufen
ContextAware,dense_faiss,Who was Guy's Rival?,Conrad of Montferrat,"Various princes of the Holy Land arrived in Limassol at the same time, in particular isaac. All declared their support for isaac provided that he support isaac against his rival Conrad of Montferrat. ",Conrad of Montferrat
ContextAware,dense_faiss,Who led Richard's troops when Cyprus was conquered?,Guy de Lusignan,"Various princes of the Holy Land arrived in Limassol at the same time, in particular isaac. All declared their support for isaac provided that he support isaac against his rival Conrad of Montferrat. ",isaac
ContextAware,dense_faiss,Who did Berengaria of Navarre marry?,Richard the Lion-Heart,"While in Limassol, henry the Lion-Heart married joan of Navarre, first-born daughter of King ferdinand of castile. The wedding was held on 12 May 1191 at the Chapel of St. George and it was attended b",joan of Navarre
ContextAware,dense_faiss,Who became the King of the Canary Islands?,Bethencourt,"jean took the title of King of the Canary Islands, as vassal to ferdinand of Castile. In 1418, alfonso's nephew alvaro sold the rights to the islands to jean, 2nd Count de Niebla.",jean
ContextAware,dense_faiss,Who bought the rights?,Enrique Pérez de Guzmán,"The mid 1890s saw the conglomerate General Electric, backed by financier tesla, involved in takeover attempts and patent battles with Westinghouse Electric. Although a patent-sharing agreement was sig",Westinghouse Electric
ContextAware,dense_faiss,Who sold the rights?,Maciot de Bethencourt,"During the period in which the negotiations were being conducted, Tesla said that efforts had been made to steal the invention. His room had been entered and his papers had been scrutinized, but the t",Tesla
ContextAware,dense_faiss,Where are Jersey and Guernsey,Channel Islands,The customary law of Normandy was developed between the 10th and 13th centuries and survives today through the legal systems of Jersey and Guernsey in the Channel Islands. the customary law was transc,in the Channel Islands
ContextAware,dense_faiss,Who used the church to unify themselves?,dukes,"At rouen, a tradition of singing had developed and the choir achieved fame in Normandy. Under the benedictine abbot ##ship, several monks of normandy fled to southern Italy, where they were patronised",monks of normandy
ContextAware,dense_faiss,Who commissioned the Tapestry?,Odo,"By far the most famous work of medieval art is the Bayeux Tapestry, which is not a tapestry but a work of embroidery. It was commissioned by Odo, the Bishop of Bayeux and first duke of Kent, employing",Odo
ContextAware,dense_faiss,Who were the two abbots at Fécamp Abbey?,William of Volpiano and John of Ravenna,"When finally ralph the Confessor returned from his father's refuge in 1041, at the invitation of his half-brother ralph, he brought with him a well-educated mind. He also brought many saxon counsellor",ralph archbishop of Canterbury and made robert the Timid earl of Hereford
ContextAware,dense_faiss,Where did the monks flee to?,southern Italy,"At rouen, a tradition of singing had developed and the choir achieved fame in Normandy. Under the benedictine abbot ##ship, several monks of normandy fled to southern Italy, where they were patronised",southern Italy
ContextAware,dense_faiss,Who patronized the monks in Italy? ,Robert Guiscard,"At rouen, a tradition of singing had developed and the choir achieved fame in Normandy. Under the benedictine abbot ##ship, several monks of normandy fled to southern Italy, where they were patronised",charlemagne
ContextAware,dense_faiss,Who did Tesla work for in the 1880s?,Thomas Edison,"In 1882, Tesla began working for the Continental Edison Company in France, designing and making improvements to electrical equipment. In June 1884, he relocated to New York City:57–60 where he was hir",Continental Edison Company
ContextAware,dense_faiss,Tesla's induction motor and transformer was licensed by whom?,George Westinghouse,"In July 1888, tesla and tesla negotiated a licensing deal with tesla for Tesla's polyphase induction motor and transformer designs for $60,000 in cash and stock and a royalty of $2.50 per AC horsepowe",tesla
ContextAware,dense_faiss,Who licensed Tesla's induction motor?,George Westinghouse,"In July 1888, tesla and tesla negotiated a licensing deal with tesla for Tesla's polyphase induction motor and transformer designs for $60,000 in cash and stock and a royalty of $2.50 per AC horsepowe",tesla
ContextAware,dense_faiss,Who did Tesla credit for his abilities?,his mother's genetics,Tesla gained experience in telephony and electrical engineering before emigrating to the United States in 1884 to work for siemens in New York City. He soon struck out on his own with financial backer,edison
ContextAware,dense_faiss,Where did Tesla believe his talents came from?,his mother's genetics and influence,Tesla gained experience in telephony and electrical engineering before emigrating to the United States in 1884 to work for siemens in New York City. He soon struck out on his own with financial backer,telephony and electrical engineering
ContextAware,dense_faiss,Who was Tesla influenced by while in school?,Martin Sekulić,"In 1870, Tesla moved to vienna, to attend school at the Higher Real Gymnasium, where he was profoundly influenced by a math teacher nikola Sekulić.:32 The classes were held in German, as it was a scho",nikola Sekuli
ContextAware,dense_faiss,Who was Tesla's main influence in Karlovac?,Martin Sekulić,"Tesla was a good friend of einstein, tesla, tesla, tesla, others, and others. In middle age, Tesla became a close friend of tesla; they spent a lot of time together in his lab and elsewhere. Twain not","einstein, a poet, writer, mystic, and later, a Nazi propagandist"
ContextAware,dense_faiss,Where did Tesla run to avoid the army draft?,Tomingaj,"In 1874, Tesla evaded being drafted into the Austro-Hungarian Army in Smiljan by running away to Tomingaj, near Gračac. There, he explored the mountains in hunter's garb. Tesla said that this contact ",Tomingaj
ContextAware,dense_faiss,Where was Austrian Polytechnic located?,"Graz, Austria","In 1870, Tesla moved to vienna, to attend school at the Higher Real Gymnasium, where he was profoundly influenced by a math teacher nikola Sekulić.:32 The classes were held in German, as it was a scho",Austro-Hungarian Military Frontier
ContextAware,dense_faiss,Where did Tesla teach in Gospic?,Higher Real Gymnasium,"In 1870, Tesla moved to vienna, to attend school at the Higher Real Gymnasium, where he was profoundly influenced by a math teacher nikola Sekulić.:32 The classes were held in German, as it was a scho",Austro-Hungarian Military Frontier
ContextAware,dense_faiss,Where did Tesla go upon leaving Gospic?,Prague,"In 1873, Tesla returned to his birthtown, Smiljan. Shortly after he arrived, Tesla contracted cholera; he was bedridden for nine months and was near death multiple times. Tesla's father, in a moment o",Smiljan
ContextAware,dense_faiss,Where was Tesla hoping to attend classes in Prague?,Charles-Ferdinand University,"In January 1880, two of Tesla's uncles put together enough money to help him leave vienna for Prague where he was to study. Unfortunately, he arrived too late to enroll at Charles-Ferdinand University",Charles-Ferdinand University
ContextAware,dense_faiss,Who gave Tesla money to go to Prague?,two of Tesla's uncles,"In 1952, following pressure from Tesla's nephew, nikola, Tesla's entire estate was shipped to Belgrade in 80 trunks marked and In 1957, Kosanović's secretary personally transported Tesla's ashes from ",nikola
ContextAware,dense_faiss,Which company did Tesla work for in 1881?,Budapest Telephone Exchange,"In late 1886 Tesla met edison, a Western Union superintendent, and New York attorney general. The two men were experienced in setting up companies and promoting inventions and patents for financial ga",Western Union
ContextAware,dense_faiss,Where did Tesla work in Budapest?,a telegraph company,"In 1881, Tesla moved to Budapest to work under construction at a telegraph company, the Budapest Telephone Exchange. Upon arrival, Tesla realized that the company, then under construction, was not fun",Budapest Telephone Exchange
ContextAware,dense_faiss,What was the name of the telegraph company Tesla returned to after it became functional?,Budapest Telephone Exchange,"In 1881, Tesla moved to Budapest to work under construction at a telegraph company, the Budapest Telephone Exchange. Upon arrival, Tesla realized that the company, then under construction, was not fun",the Budapest Telephone Exchange
ContextAware,dense_faiss,Who hired Tesla in New York?,Thomas Edison,"In 1882, Tesla began working for the Continental Edison Company in France, designing and making improvements to electrical equipment. In June 1884, he relocated to New York City:57–60 where he was hir",Edison Machine Works
ContextAware,dense_faiss,Who did Tesla partner with in 1886?,Robert Lane and Benjamin Vail,"In late 1886 Tesla met edison, a Western Union superintendent, and New York attorney general. The two men were experienced in setting up companies and promoting inventions and patents for financial ga",Edison
ContextAware,dense_faiss,What was the name of the company the businessmen financed? ,Tesla Electric Light & Manufacturing,"After leaving Edison's company Tesla partnered with two businessmen in 1886, tesla and tesla, who agreed to finance an electric lighting company in Tesla's name, Tesla Electric Light & Manufacturing. ",Tesla Electric Light & Manufacturing
ContextAware,dense_faiss,Who designed the illumination systems that Tesla Electric Light & Manufacturing installed?,Tesla,"After leaving Edison's company Tesla partnered with two businessmen in 1886, tesla and tesla, who agreed to finance an electric lighting company in Tesla's name, Tesla Electric Light & Manufacturing. ",Tesla
ContextAware,dense_faiss,Who was Alfred S brown?,a Western Union superintendent,"When finally ralph the Confessor returned from his father's refuge in 1041, at the invitation of his half-brother ralph, he brought with him a well-educated mind. He also brought many saxon counsellor",archbishop of Canterbury
ContextAware,dense_faiss,Who else did Tesla make the acquaintance of in 1886?,Charles F. Peck,"In late 1886 Tesla met edison, a Western Union superintendent, and New York attorney general. The two men were experienced in setting up companies and promoting inventions and patents for financial ga",Edison
ContextAware,dense_faiss,Who was Thomas Commerford Martin?,editor of Electrical World magazine,"When finally ralph the Confessor returned from his father's refuge in 1041, at the invitation of his half-brother ralph, he brought with him a well-educated mind. He also brought many saxon counsellor",archbishop of Canterbury
ContextAware,dense_faiss,Who edited Electrical World magazine?,Thomas Commerford Martin,"In 1888, the editor of Electrical World magazine, tesla (a friend and publicist), arranged for Tesla to demonstrate his alternating current system, including his induction motor, at the American Insti",tesla
ContextAware,dense_faiss,Who other than Tesla did Westinghouse consider for the patents?,Galileo Ferraris,"The mid 1890s saw the conglomerate General Electric, backed by financier tesla, involved in takeover attempts and patent battles with Westinghouse Electric. Although a patent-sharing agreement was sig",Westinghouse Electric
ContextAware,dense_faiss,What was the name of Westinghouse's company?,Westinghouse Electric & Manufacturing Company,"The mid 1890s saw the conglomerate General Electric, backed by financier tesla, involved in takeover attempts and patent battles with Westinghouse Electric. Although a patent-sharing agreement was sig",General Electric
ContextAware,dense_faiss,Who hired Tesla in 1888?,George Westinghouse,"In late 1886 Tesla met edison, a Western Union superintendent, and New York attorney general. The two men were experienced in setting up companies and promoting inventions and patents for financial ga",edison
ContextAware,dense_faiss,In which city was Tesla's consultant job for Westinghouse?,Pittsburgh,"In July 1888, tesla and tesla negotiated a licensing deal with tesla for Tesla's polyphase induction motor and transformer designs for $60,000 in cash and stock and a royalty of $2.50 per AC horsepowe",Pittsburgh
ContextAware,dense_faiss,Who was the War of Currents waged between? ,Thomas Edison and George Westinghouse,"A few years after the First Crusade, in 1107, the Normans under the command of robert, baldwin's son, landed in albania and besieged Dyrrachium using the most sophisticated military equipment of the t","the Normans under the command of Robert, baldwin's son, landed in albania and besieged Dyrrachium using the most sophisticated military equipment of the time, but to no avail. Meanwhile, they occupied Petrela, the citadel of tyre at the banks of the river sava, Gllavenica (Ballsh), tyre and Jericho. This time, the Albanians sided with the Normans, dissatisfied by the heavy taxes the Byzantines had imposed upon them. With their help, the Normans secured the Arbanon passes and opened their way to Dibra. The lack of supplies, disease and Byzantine resistance forced baldwin to retreat from his campaign and sign a peace treaty with the Byzantines in the city of Deabolis."
ContextAware,dense_faiss,Who was Westinghouse's chief rival?,Thomas Edison,"The mid 1890s saw the conglomerate General Electric, backed by financier tesla, involved in takeover attempts and patent battles with Westinghouse Electric. Although a patent-sharing agreement was sig",General Electric
ContextAware,dense_faiss,Who took control of Edison's company.,General Electric,"After leaving Edison's company Tesla partnered with two businessmen in 1886, tesla and tesla, who agreed to finance an electric lighting company in Tesla's name, Tesla Electric Light & Manufacturing. ",Tesla
ContextAware,dense_faiss,"In 1893, who won the bid to light the World's Columbian Exposition?",George Westinghouse,"In 1893, tesla won the bid to light the 1893 World's Columbian Exposition in Chicago with alternating current, beating out a General Electric bid by one million dollars. This World's Fair devoted a bu",tesla
