anonymization_strategy,retrieval_method,question,ground_truth,retrieved_context_snippet,model_answer
Baseline,dense_numpy,Who were the defending Super Bowl champions?,New England Patriots,"The Panthers finished the regular season with a 15–1 record, and quarterback Cam Newton was named the NFL Most Valuable Player (MVP). They defeated the Arizona Cardinals 49–15 in the NFC Championship ",New England Patriots
Baseline,dense_numpy,Who was this season's NFL MVP?,Cam Newton,"In honor of the 50th Super Bowl, the pregame ceremony featured the on-field introduction of 39 of the 43 previous Super Bowl Most Valuable Players. Bart Starr (MVP of Super Bowls I and II) and Chuck H",Peyton Manning
Baseline,dense_numpy,Who is the quarterback for the Panthers?,Cam Newton,"The Panthers offense, which led the NFL in scoring (500 points), was loaded with talent, boasting six Pro Bowl selections. Pro Bowl quarterback Cam Newton had one of his best seasons, throwing for 3,8",Cam Newton
Baseline,dense_numpy,Who was the Most Valuable Player for the 2015 NFL season?,Cam Newton,"The Panthers offense, which led the NFL in scoring (500 points), was loaded with talent, boasting six Pro Bowl selections. Pro Bowl quarterback Cam Newton had one of his best seasons, throwing for 3,8",Cam Newton
Baseline,dense_numpy,Who was the 2015 NFL MVP?,Cam Newton,"In honor of the 50th Super Bowl, the pregame ceremony featured the on-field introduction of 39 of the 43 previous Super Bowl Most Valuable Players. Bart Starr (MVP of Super Bowls I and II) and Chuck H",Peyton Manning
Baseline,dense_numpy,Who was the Super Bowl 50 MVP?,Von Miller,"In honor of the 50th Super Bowl, the pregame ceremony featured the on-field introduction of 39 of the 43 previous Super Bowl Most Valuable Players. Bart Starr (MVP of Super Bowls I and II) and Chuck H","Bart Starr (MVP of Super Bowls I and II) and Chuck Howley (MVP of Super Bowl V) appeared via video, while Peyton Manning (MVP of Super Bowl XLI and current Broncos quarterback) was shown in the locker room preparing for the game"
Baseline,dense_numpy,Who was limited by Denver's defense?,Newton was limited by Denver's defense,Denver took the opening kickoff and started out strong with Peyton Manning completing an 18-yard pass to tight end Owen Daniels and a 22-yard throw to receiver Andre Caldwell. A pair of carries by C. ,Ronnie Hillman
Baseline,dense_numpy,Who won the Super Bowl MVP?,Von Miller,"In honor of the 50th Super Bowl, the pregame ceremony featured the on-field introduction of 39 of the 43 previous Super Bowl Most Valuable Players. Bart Starr (MVP of Super Bowls I and II) and Chuck H",Bart Starr
Baseline,dense_numpy,Who was given the esteemed status of MVP for Super Bowl 50?,Von Miller,"In honor of the 50th Super Bowl, the pregame ceremony featured the on-field introduction of 39 of the 43 previous Super Bowl Most Valuable Players. Bart Starr (MVP of Super Bowls I and II) and Chuck H",Peyton Manning
Baseline,dense_numpy,Who won the MVP for the Super Bowl?,Von Miller,"In honor of the 50th Super Bowl, the pregame ceremony featured the on-field introduction of 39 of the 43 previous Super Bowl Most Valuable Players. Bart Starr (MVP of Super Bowls I and II) and Chuck H",Peyton Manning
Baseline,dense_numpy,Who was the Most Valuable Player of Super Bowl 50?,Von Miller,"In honor of the 50th Super Bowl, the pregame ceremony featured the on-field introduction of 39 of the 43 previous Super Bowl Most Valuable Players. Bart Starr (MVP of Super Bowls I and II) and Chuck H",Peyton Manning
Baseline,dense_numpy,Who was the broadcaster for Super Bowl 50 in the United States?,CBS,"In honor of the 50th Super Bowl, the pregame ceremony featured the on-field introduction of 39 of the 43 previous Super Bowl Most Valuable Players. Bart Starr (MVP of Super Bowls I and II) and Chuck H",Chuck Howley
Baseline,dense_numpy,Who was the male singer who performed as a special guest during Super Bowl 50?,Bruno Mars,"In honor of the 50th Super Bowl, the pregame ceremony featured the on-field introduction of 39 of the 43 previous Super Bowl Most Valuable Players. Bart Starr (MVP of Super Bowls I and II) and Chuck H","Bart Starr (MVP of Super Bowls I and II) and Chuck Howley (MVP of Super Bowl V) appeared via video, while Peyton Manning (MVP of Super Bowl XLI and current Broncos quarterback) was shown in the locker room preparing for the game"
Baseline,dense_numpy,Who broadcast the Super Bowl on TV?,CBS,"In the United States, the game was televised by CBS, as part of a cycle between the three main broadcast television partners of the NFL. The network's lead broadcast team of Jim Nantz and Phil Simms c",CBS
Baseline,dense_numpy,Who was the NFL Commissioner in early 2012?,Roger Goodell,"In early 2012, NFL Commissioner Roger Goodell stated that the league planned to make the 50th Super Bowl ""spectacular"" and that it would be ""an important game for us as a league"".",Roger Goodell
Baseline,dense_numpy,Who is the Commissioner of the National Football League?,Roger Goodell,"In early 2012, NFL Commissioner Roger Goodell stated that the league planned to make the 50th Super Bowl ""spectacular"" and that it would be ""an important game for us as a league"".",Roger Goodell
Baseline,dense_numpy,Who was the commissioner of the NFL in 2012? ,Roger Goodell,"In early 2012, NFL Commissioner Roger Goodell stated that the league planned to make the 50th Super Bowl ""spectacular"" and that it would be ""an important game for us as a league"".",Roger Goodell
Baseline,dense_numpy,Who if the commissioner of the NFL?,Roger Goodell,"In early 2012, NFL Commissioner Roger Goodell stated that the league planned to make the 50th Super Bowl ""spectacular"" and that it would be ""an important game for us as a league"".",Roger Goodell
Baseline,dense_numpy,Who is the commissioner of the NFL?,Roger Goodell,"In early 2012, NFL Commissioner Roger Goodell stated that the league planned to make the 50th Super Bowl ""spectacular"" and that it would be ""an important game for us as a league"".",Roger Goodell
Baseline,dense_numpy,What was the name of New Orleans' superdome at the time that Super Bowl 50 took place?,Mercedes-Benz Superdome,"The league eventually narrowed the bids to three sites: New Orleans' Mercedes-Benz Superdome, Miami's Sun Life Stadium, and the San Francisco Bay Area's Levi's Stadium.",Mercedes-Benz Superdome
Baseline,dense_numpy,What was the given name of Miami's stadium at the time of Super Bowl 50?,Sun Life Stadium,"The league announced on October 16, 2012, that the two finalists were Sun Life Stadium and Levi's Stadium. The South Florida/Miami area has previously hosted the event 10 times (tied for most with New",Sun Life Stadium
Baseline,dense_numpy,"One of the sites, Merceds-Benz Superdome, is located where?",New Orleans,"The league eventually narrowed the bids to three sites: New Orleans' Mercedes-Benz Superdome, Miami's Sun Life Stadium, and the San Francisco Bay Area's Levi's Stadium.",New Orleans
Baseline,dense_numpy,What is the name of the stadium in Miami that was considered?,Sun Life Stadium,"The league eventually narrowed the bids to three sites: New Orleans' Mercedes-Benz Superdome, Miami's Sun Life Stadium, and the San Francisco Bay Area's Levi's Stadium.",Sun Life Stadium
Baseline,dense_numpy,Who coached each Super Bowl 50 participant in their most recent Super Bowl appearance prior to Super Bowl 50?,John Fox,"With Rivera having been a linebacker with the Chicago Bears in Super Bowl XX, and Kubiak replacing Elway at the end of the Broncos' defeats in Super Bowls XXI and XXIV, this will be the first Super Bo",Rivera
Baseline,dense_numpy,Who was the head coach of the Broncos in Super Bowl XLVIII?,John Fox,"With Rivera having been a linebacker with the Chicago Bears in Super Bowl XX, and Kubiak replacing Elway at the end of the Broncos' defeats in Super Bowls XXI and XXIV, this will be the first Super Bo",Elway
Baseline,dense_numpy,Who had the best record in the NFC?,Carolina Panthers,"The Panthers finished the regular season with a 15–1 record, and quarterback Cam Newton was named the NFL Most Valuable Player (MVP). They defeated the Arizona Cardinals 49–15 in the NFC Championship ",Panthers
Baseline,dense_numpy,Who started at tight end for the Panthers?,Greg Olsen,"Despite waiving longtime running back DeAngelo Williams and losing top wide receiver Kelvin Benjamin to a torn ACL in the preseason, the Carolina Panthers had their best regular season in franchise hi",Kelvin Benjamin
Baseline,dense_numpy,Who is the quarterback for the Carolina Panthers?,Cam Newton,"On Carolina's next possession fullback Mike Tolbert lost a fumble while being tackled by safety Darian Stewart, which linebacker Danny Trevathan recovered on the Broncos 40-yard line. However, the Pan",Manning
Baseline,dense_numpy,Who registered the most sacks on the team this season?,Kawann Short,"The Panthers defense gave up just 308 points, ranking sixth in the league, while also leading the NFL in interceptions with 24 and boasting four Pro Bowl selections. Pro Bowl defensive tackle Kawann S",Kawann Short
Baseline,dense_numpy,Who led the Panthers in sacks?,Kawann Short,"The Panthers defense gave up just 308 points, ranking sixth in the league, while also leading the NFL in interceptions with 24 and boasting four Pro Bowl selections. Pro Bowl defensive tackle Kawann S",Kawann Short
Baseline,dense_numpy,Who had five sacks in nine games as a Carolina Panthers starter?,Kony Ealy,"The Panthers defense gave up just 308 points, ranking sixth in the league, while also leading the NFL in interceptions with 24 and boasting four Pro Bowl selections. Pro Bowl defensive tackle Kawann S",Kony Ealy
Baseline,dense_numpy,Who was the Panthers' tackle leader for 2015?,Luke Kuechly.,"The Panthers defense gave up just 308 points, ranking sixth in the league, while also leading the NFL in interceptions with 24 and boasting four Pro Bowl selections. Pro Bowl defensive tackle Kawann S",Luke Kuechly
Baseline,dense_numpy,Who is the head coach of the Broncos?,Gary Kubiak,"With Rivera having been a linebacker with the Chicago Bears in Super Bowl XX, and Kubiak replacing Elway at the end of the Broncos' defeats in Super Bowls XXI and XXIV, this will be the first Super Bo",Elway
Baseline,dense_numpy,Who played quarterback for the Broncos after Peyton Manning was benched?,Brock Osweiler,"Following their loss in the divisional round of the previous season's playoffs, the Denver Broncos underwent numerous coaching changes, including a mutual parting with head coach John Fox (who had won",Brock Osweiler
Baseline,dense_numpy,Who did Peyton Manning play for as a rookie?,Indianapolis Colts,"Following their loss in the divisional round of the previous season's playoffs, the Denver Broncos underwent numerous coaching changes, including a mutual parting with head coach John Fox (who had won",Indianapolis Colts
Baseline,dense_numpy,Who is Denver's defensive coordinator?,Wade Phillips,"The Broncos' defense ranked first in the NFL yards allowed (4,530) for the first time in franchise history, and fourth in points allowed (296). Defensive ends Derek Wolfe and Malik Jackson each had 5½",DeMarcus Ware
Baseline,dense_numpy,"What is the name of the Bronco's head coach, who was hired after John Fox? ",Gary Kubiak,"With Rivera having been a linebacker with the Chicago Bears in Super Bowl XX, and Kubiak replacing Elway at the end of the Broncos' defeats in Super Bowls XXI and XXIV, this will be the first Super Bo",Kubiak
Baseline,dense_numpy,"When John Fox left as head coach for the Broncos, who replaced him?",Gary Kubiak,"Following their loss in the divisional round of the previous season's playoffs, the Denver Broncos underwent numerous coaching changes, including a mutual parting with head coach John Fox (who had won",Gary Kubiak
Baseline,dense_numpy,Who was the quarterback for the Broncos 2015 season?,Peyton Manning,"Following their loss in the divisional round of the previous season's playoffs, the Denver Broncos underwent numerous coaching changes, including a mutual parting with head coach John Fox (who had won",Peyton Manning
Baseline,dense_numpy,Who was the Denver head coach for Super Bowl 50?,Gary Kubiak,"With Rivera having been a linebacker with the Chicago Bears in Super Bowl XX, and Kubiak replacing Elway at the end of the Broncos' defeats in Super Bowls XXI and XXIV, this will be the first Super Bo",Kubiak
Baseline,dense_numpy,Who was the defensive coordinator for the Broncos in 2015?,Wade Phillips,"The Broncos' defense ranked first in the NFL yards allowed (4,530) for the first time in franchise history, and fourth in points allowed (296). Defensive ends Derek Wolfe and Malik Jackson each had 5½",DeMarcus Ware
Baseline,dense_numpy,Who registered the most receptions on the Broncos?,Demaryius Thomas,"The Broncos' defense ranked first in the NFL yards allowed (4,530) for the first time in franchise history, and fourth in points allowed (296). Defensive ends Derek Wolfe and Malik Jackson each had 5½",Brandon Marshall
Baseline,dense_numpy,Who had the most rushing yards on the Broncos?,C. J. Anderson,"The Broncos' defense ranked first in the NFL yards allowed (4,530) for the first time in franchise history, and fourth in points allowed (296). Defensive ends Derek Wolfe and Malik Jackson each had 5½",Brandon Marshall
Baseline,dense_numpy,Who had the most receptions out of all players for the year?,Demaryius Thomas,"Manning finished the year with a career-low 67.9 passer rating, throwing for 2,249 yards and nine touchdowns, with 17 interceptions. In contrast, Osweiler threw for 1,967 yards, 10 touchdowns and six ",Demaryius Thomas
Baseline,dense_numpy,Who was the Broncos' leading rusher for the 2015 season?,C. J. Anderson,"The Broncos' defense ranked first in the NFL yards allowed (4,530) for the first time in franchise history, and fourth in points allowed (296). Defensive ends Derek Wolfe and Malik Jackson each had 5½",Brandon Marshall
Baseline,dense_numpy,Who was first on the team in total tackles?,Brandon Marshall,"The Panthers defense gave up just 308 points, ranking sixth in the league, while also leading the NFL in interceptions with 24 and boasting four Pro Bowl selections. Pro Bowl defensive tackle Kawann S",Kawann Short
Baseline,dense_numpy,Who won Super Bowl XLIX?,New England Patriots,"The Panthers finished the regular season with a 15–1 record, and quarterback Cam Newton was named the NFL Most Valuable Player (MVP). They defeated the Arizona Cardinals 49–15 in the NFC Championship ",The Broncos
Baseline,dense_numpy,Who won Super Bowl XLIX?,New England Patriots,"The Panthers finished the regular season with a 15–1 record, and quarterback Cam Newton was named the NFL Most Valuable Player (MVP). They defeated the Arizona Cardinals 49–15 in the NFC Championship ",The Broncos
Baseline,dense_numpy,"During the Bronco's playoff games, who did not throw at all?",Manning,"The Broncos took an early lead in Super Bowl 50 and never trailed. Newton was limited by Denver's defense, which sacked him seven times and forced him into three turnovers, including a fumble which th","Newton was limited by Denver's defense, which sacked him seven times and forced him into three turnovers, including a fumble which they recovered for a touchdown"
Baseline,dense_numpy,Who suffered a broken arm in the NFC Championship Game?,Thomas Davis,"Carolina suffered a major setback when Thomas Davis, an 11-year veteran who had already overcome three ACL tears in his career, went down with a broken arm in the NFC Championship Game. Despite this, ",Thomas Davis
Baseline,dense_numpy,Who previously held the record for being the oldest quarterback to play in a Super Bowl?,John Elway,Peyton Manning became the first quarterback ever to lead two different teams to multiple Super Bowls. He is also the oldest quarterback ever to play in a Super Bowl at age 39. The past record was held,John Elway
Baseline,dense_numpy,Who did John Elway play for in Super Bowl XXXIII?,Broncos,Peyton Manning became the first quarterback ever to lead two different teams to multiple Super Bowls. He is also the oldest quarterback ever to play in a Super Bowl at age 39. The past record was held,Broncos
Baseline,dense_numpy,Who is the General Manager for the Broncos?,John Elway,"With Rivera having been a linebacker with the Chicago Bears in Super Bowl XX, and Kubiak replacing Elway at the end of the Broncos' defeats in Super Bowls XXI and XXIV, this will be the first Super Bo",Kubiak
Baseline,dense_numpy,Who has the record of being the oldest quarter back in any Super Bowl game?,Peyton Manning,Peyton Manning became the first quarterback ever to lead two different teams to multiple Super Bowls. He is also the oldest quarterback ever to play in a Super Bowl at age 39. The past record was held,John Elway
Baseline,dense_numpy,Who is the oldest quarterback to play in a Super Bowl?,Peyton Manning,Peyton Manning became the first quarterback ever to lead two different teams to multiple Super Bowls. He is also the oldest quarterback ever to play in a Super Bowl at age 39. The past record was held,Peyton Manning
Baseline,dense_numpy,"Prior to Manning, who was the oldest quarterback to play in a Super Bowl?",John Elway,Peyton Manning became the first quarterback ever to lead two different teams to multiple Super Bowls. He is also the oldest quarterback ever to play in a Super Bowl at age 39. The past record was held,John Elway
Baseline,dense_numpy,Who was the first quarterback to take two teams to more than one Super Bowl?,Peyton Manning,Peyton Manning became the first quarterback ever to lead two different teams to multiple Super Bowls. He is also the oldest quarterback ever to play in a Super Bowl at age 39. The past record was held,Peyton Manning
Baseline,dense_numpy,What is the name of the quarterback who was 38 in Super Bowl XXXIII?,John Elway,Peyton Manning became the first quarterback ever to lead two different teams to multiple Super Bowls. He is also the oldest quarterback ever to play in a Super Bowl at age 39. The past record was held,John Elway
Baseline,dense_numpy,Who was the #2 pick in the 2011 NFL Draft?,Von Miller,"This was the first Super Bowl to feature a quarterback on both teams who was the #1 pick in their draft classes. Manning was the #1 selection of the 1998 NFL draft, while Newton was picked first in 20",Von Miller
Baseline,dense_numpy,Who was considered to be the first choice in the NFL draft of 1998?,Manning,"This was the first Super Bowl to feature a quarterback on both teams who was the #1 pick in their draft classes. Manning was the #1 selection of the 1998 NFL draft, while Newton was picked first in 20",Manning
Baseline,dense_numpy,"In 2011, who was the first player to be chosen in the NFL draft?",Newton,"This was the first Super Bowl to feature a quarterback on both teams who was the #1 pick in their draft classes. Manning was the #1 selection of the 1998 NFL draft, while Newton was picked first in 20",Newton
Baseline,dense_numpy,Who was the number two draft pick for 2011?,Von Miller,"This was the first Super Bowl to feature a quarterback on both teams who was the #1 pick in their draft classes. Manning was the #1 selection of the 1998 NFL draft, while Newton was picked first in 20",Von Miller
Baseline,dense_numpy,Who was replaced by Kubiak in Super Bowl XXIV?,Elway,"With Rivera having been a linebacker with the Chicago Bears in Super Bowl XX, and Kubiak replacing Elway at the end of the Broncos' defeats in Super Bowls XXI and XXIV, this will be the first Super Bo",Elway
Baseline,dense_numpy,Who did Kubiak take the place of after Super Bowl XXIV?,Elway,"With Rivera having been a linebacker with the Chicago Bears in Super Bowl XX, and Kubiak replacing Elway at the end of the Broncos' defeats in Super Bowls XXI and XXIV, this will be the first Super Bo",Elway
Baseline,dense_numpy,Who was the Panthers head coach for the 2015 season?,Rivera,"Despite waiving longtime running back DeAngelo Williams and losing top wide receiver Kelvin Benjamin to a torn ACL in the preseason, the Carolina Panthers had their best regular season in franchise hi",DeAngelo Williams
Baseline,dense_numpy,Who slipped on the Levi's Stadium turf in week 6 of the 2015 NFL season?,Justin Tucker,"Concerns were raised over whether Levi's Stadium's field was of a high enough quality to host a Super Bowl; during the inaugural season, the field had to be re-sodded multiple times due to various iss",Justin Tucker
Baseline,dense_numpy,What is the name of the turf used in Levi's Stadium for the Super Bowl?,Bermuda 419,"Concerns were raised over whether Levi's Stadium's field was of a high enough quality to host a Super Bowl; during the inaugural season, the field had to be re-sodded multiple times due to various iss",Bermuda 419
Baseline,dense_numpy,Who is the field director of the NFL?,Ed Mangan,"Concerns were raised over whether Levi's Stadium's field was of a high enough quality to host a Super Bowl; during the inaugural season, the field had to be re-sodded multiple times due to various iss",Ed Mangan
Baseline,dense_numpy,Who is the only other AFC Champion team to wear road jerseys in a Super Bowl?,Pittsburgh Steelers,"As the designated home team in the annual rotation between AFC and NFC teams, the Broncos elected to wear their road white jerseys with matching white pants. Elway stated, ""We've had Super Bowl succes",Pittsburgh Steelers
Baseline,dense_numpy,What was th elast Super Bowl where the Broncos wore white uniforms?,Super Bowl XXXIII,"As the designated home team in the annual rotation between AFC and NFC teams, the Broncos elected to wear their road white jerseys with matching white pants. Elway stated, ""We've had Super Bowl succes",Super Bowl XXXIII
Baseline,dense_numpy,"Who, with Jim Nantz, was a member of the game's lead broadcast team?",Phil Simms,"Westwood One will carry the game throughout North America, with Kevin Harlan as play-by-play announcer, Boomer Esiason and Dan Fouts as color analysts, and James Lofton and Mark Malone as sideline rep",Kevin Harlan
Baseline,dense_numpy,Who shared sideline duties with Evan Washburn?,Tracy Wolfson,"Westwood One will carry the game throughout North America, with Kevin Harlan as play-by-play announcer, Boomer Esiason and Dan Fouts as color analysts, and James Lofton and Mark Malone as sideline rep",James Lofton and Mark Malone
Baseline,dense_numpy,Where was Tracy Wolfson announcing from during the Super Bowl 50 game?,sidelines,"In honor of the 50th Super Bowl, the pregame ceremony featured the on-field introduction of 39 of the 43 previous Super Bowl Most Valuable Players. Bart Starr (MVP of Super Bowls I and II) and Chuck H",on-field
Baseline,dense_numpy,Where was Evan Washburn located while announcing during the game?,sidelines,"Westwood One will carry the game throughout North America, with Kevin Harlan as play-by-play announcer, Boomer Esiason and Dan Fouts as color analysts, and James Lofton and Mark Malone as sideline rep",unanswerable
Baseline,dense_numpy,Who were the announcers of Super Bowl 50?,Jim Nantz and Phil Simms,"In honor of the 50th Super Bowl, the pregame ceremony featured the on-field introduction of 39 of the 43 previous Super Bowl Most Valuable Players. Bart Starr (MVP of Super Bowls I and II) and Chuck H",Bart Starr (MVP of Super Bowls I and II) and Chuck Howley (MVP of Super Bowl V)
Baseline,dense_numpy,Who were the Super Bowl 50 sideline announcers?,Tracy Wolfson and Evan Washburn,"In honor of the 50th Super Bowl, the pregame ceremony featured the on-field introduction of 39 of the 43 previous Super Bowl Most Valuable Players. Bart Starr (MVP of Super Bowls I and II) and Chuck H",Bart Starr (MVP of Super Bowls I and II) and Chuck Howley (MVP of Super Bowl V)
Baseline,dense_numpy,Who did play-by-play on Westwood One?,Kevin Harlan,"Westwood One will carry the game throughout North America, with Kevin Harlan as play-by-play announcer, Boomer Esiason and Dan Fouts as color analysts, and James Lofton and Mark Malone as sideline rep",Kevin Harlan
Baseline,dense_numpy,Who handled pre-game coverage on Westwood One?,Jim Gray,"Westwood One will carry the game throughout North America, with Kevin Harlan as play-by-play announcer, Boomer Esiason and Dan Fouts as color analysts, and James Lofton and Mark Malone as sideline rep",Jim Gray
Baseline,dense_numpy,"Along with Dan Fouts, who served as a color analyst for the radio broadcast?",Boomer Esiason,"Westwood One will carry the game throughout North America, with Kevin Harlan as play-by-play announcer, Boomer Esiason and Dan Fouts as color analysts, and James Lofton and Mark Malone as sideline rep",Boomer Esiason
Baseline,dense_numpy,Who shared sideline reporting duties with Mark Malone?,James Lofton,"Westwood One will carry the game throughout North America, with Kevin Harlan as play-by-play announcer, Boomer Esiason and Dan Fouts as color analysts, and James Lofton and Mark Malone as sideline rep",James Lofton
Baseline,dense_numpy,Who will carry the game throughout all of North America?,Westwood One,"Westwood One will carry the game throughout North America, with Kevin Harlan as play-by-play announcer, Boomer Esiason and Dan Fouts as color analysts, and James Lofton and Mark Malone as sideline rep",Westwood One
Baseline,dense_numpy,Who is the play-by-play announcer for the game?,Kevin Harlan,"Westwood One will carry the game throughout North America, with Kevin Harlan as play-by-play announcer, Boomer Esiason and Dan Fouts as color analysts, and James Lofton and Mark Malone as sideline rep",Kevin Harlan
Baseline,dense_numpy,Who was the announcer for Westwood One's Super Bowl 50 coverage?,Kevin Harlan,"Westwood One will carry the game throughout North America, with Kevin Harlan as play-by-play announcer, Boomer Esiason and Dan Fouts as color analysts, and James Lofton and Mark Malone as sideline rep",Kevin Harlan
Baseline,dense_numpy,Who were the Westwood one color analysts?,Boomer Esiason and Dan Fouts,"Westwood One will carry the game throughout North America, with Kevin Harlan as play-by-play announcer, Boomer Esiason and Dan Fouts as color analysts, and James Lofton and Mark Malone as sideline rep",Boomer Esiason and Dan Fouts
Baseline,dense_numpy,Who were the Westwood One sideline announcers?,James Lofton and Mark Malone,"Westwood One will carry the game throughout North America, with Kevin Harlan as play-by-play announcer, Boomer Esiason and Dan Fouts as color analysts, and James Lofton and Mark Malone as sideline rep",James Lofton and Mark Malone
Baseline,dense_numpy,Who handled play-by-play for the Denver radio market?,Dave Logan,"The flagship stations of each station in the markets of each team will carry their local play-by-play calls. In Denver, KOA (850 AM) and KRFX (103.5 FM) will carry the game, with Dave Logan on play-by",Dave Logan
Baseline,dense_numpy,Who did play-by-play for the WBT broadcast?,Mick Mixon,"The flagship stations of each station in the markets of each team will carry their local play-by-play calls. In Denver, KOA (850 AM) and KRFX (103.5 FM) will carry the game, with Dave Logan on play-by",Mick Mixon
Baseline,dense_numpy,Who handled the play-by-play for the Denver radio stations?,Dave Logan,"The flagship stations of each station in the markets of each team will carry their local play-by-play calls. In Denver, KOA (850 AM) and KRFX (103.5 FM) will carry the game, with Dave Logan on play-by",Dave Logan
Baseline,dense_numpy,Who handled the color commentary for Denver's radio stations?,Ed McCaffrey,"The flagship stations of each station in the markets of each team will carry their local play-by-play calls. In Denver, KOA (850 AM) and KRFX (103.5 FM) will carry the game, with Dave Logan on play-by",Ed McCaffrey
Baseline,dense_numpy,Who handled the play-by-play for WBT?,Mick Mixon,"The flagship stations of each station in the markets of each team will carry their local play-by-play calls. In Denver, KOA (850 AM) and KRFX (103.5 FM) will carry the game, with Dave Logan on play-by",Mick Mixon
Baseline,dense_numpy,Who makes up the BBC commentary team with Greg Brady and Rocky Boiman?,Darren Fletcher,"In the United Kingdom, BBC Radio 5 Live and 5 Live Sports Extra will carry the contest. The BBC will carry its own British English broadcast, with Greg Brady, Darren Fletcher and Rocky Boiman on comme",Darren Fletcher
Baseline,dense_numpy,"British commentators include, Darren Fletcher, Rocky Boiman and who else?",Greg Brady,"In the United Kingdom, BBC Radio 5 Live and 5 Live Sports Extra will carry the contest. The BBC will carry its own British English broadcast, with Greg Brady, Darren Fletcher and Rocky Boiman on comme",Greg Brady
Baseline,dense_numpy,Who was the Most Valuable Player of Super Bowl II?,Bart Starr,"In honor of the 50th Super Bowl, the pregame ceremony featured the on-field introduction of 39 of the 43 previous Super Bowl Most Valuable Players. Bart Starr (MVP of Super Bowls I and II) and Chuck H",Bart Starr
Baseline,dense_numpy,Who was the Most Valuable Player of Super Bowl XLI?,Peyton Manning,"In honor of the 50th Super Bowl, the pregame ceremony featured the on-field introduction of 39 of the 43 previous Super Bowl Most Valuable Players. Bart Starr (MVP of Super Bowls I and II) and Chuck H",Peyton Manning
Baseline,dense_numpy,Who is the present quarterback of the Broncos?,Peyton Manning,"Following their loss in the divisional round of the previous season's playoffs, the Denver Broncos underwent numerous coaching changes, including a mutual parting with head coach John Fox (who had won",Peyton Manning
Baseline,dense_numpy,Who was the MVP of Super Bowl I and II?,Bart Starr,"In honor of the 50th Super Bowl, the pregame ceremony featured the on-field introduction of 39 of the 43 previous Super Bowl Most Valuable Players. Bart Starr (MVP of Super Bowls I and II) and Chuck H",Bart Starr
Baseline,dense_numpy,Who was the MVP of Super Bowl XLI?,Peyton Manning,"In honor of the 50th Super Bowl, the pregame ceremony featured the on-field introduction of 39 of the 43 previous Super Bowl Most Valuable Players. Bart Starr (MVP of Super Bowls I and II) and Chuck H",Peyton Manning
Baseline,dense_numpy,Who sang the national anthem?,Lady Gaga,"Six-time Grammy winner and Academy Award nominee Lady Gaga performed the national anthem, while Academy Award winner Marlee Matlin provided American Sign Language (ASL) translation.",Lady Gaga
Baseline,dense_numpy,Who was at the receiving end of a 22-yard pass from Peyton Manning?,Andre Caldwell,The Panthers seemed primed to score on their opening drive of the second half when Newton completed a 45-yard pass to Ted Ginn Jr. on the Denver 35-yard line on their second offensive play. But the Br,Emmanuel Sanders
Baseline,dense_numpy,Who lost 3 yards on a tackle by Shaq Thompson?,Ronnie Hillman,Denver took the opening kickoff and started out strong with Peyton Manning completing an 18-yard pass to tight end Owen Daniels and a 22-yard throw to receiver Andre Caldwell. A pair of carries by C. ,Ronnie Hillman
Baseline,dense_numpy,Who kicked a field goal for Denver?,Brandon McManus,"With 4:51 left in regulation, Carolina got the ball on their own 24-yard line with a chance to mount a game-winning drive, and soon faced 3rd-and-9. On the next play, Miller stripped the ball away fro",Bennie Fowler
Baseline,dense_numpy,Who ran the ball twice for 20 yards on this drive?,C. J. Anderson,"With 4:51 left in regulation, Carolina got the ball on their own 24-yard line with a chance to mount a game-winning drive, and soon faced 3rd-and-9. On the next play, Miller stripped the ball away fro",Ward
Baseline,dense_numpy,Who tackled Ronnie Hillman for a loss of yardage?,Shaq Thompson,"On Carolina's next possession fullback Mike Tolbert lost a fumble while being tackled by safety Darian Stewart, which linebacker Danny Trevathan recovered on the Broncos 40-yard line. However, the Pan",Darian Stewart
Baseline,dense_numpy,Who kicked the field goal for Denver on the first drive of Super Bowl 50?,Brandon McManus,"After a punt from both teams, Carolina got on track with a 9-play, 73-yard scoring drive. Newton completed 4 of 4 passes for 51 yards and rushed twice for 25 yards, while Jonathan Stewart finished the",McManus
Baseline,dense_numpy,Who did Peyton Manning complete an 18 yard pass to on the opening drive?,Owen Daniels,The Panthers seemed primed to score on their opening drive of the second half when Newton completed a 45-yard pass to Ted Ginn Jr. on the Denver 35-yard line on their second offensive play. But the Br,Corey Brown
Baseline,dense_numpy,Who scored the first points for Denver?,Brandon McManus,Denver took the opening kickoff and started out strong with Peyton Manning completing an 18-yard pass to tight end Owen Daniels and a 22-yard throw to receiver Andre Caldwell. A pair of carries by C. ,Brandon McManus
Baseline,dense_numpy,Whose pass to Jerricho Cotchery was ruled incomplete?,Cam Newton,"The two most prominent Norman families to arrive in the Mediterranean were descendants of Tancred of Hauteville and the Drengot family, of whom Rainulf Drengot received the county of Aversa, the first",Drengot
Baseline,dense_numpy,Who stripped the ball from Cam Newton while sacking him on this drive?,Von Miller,"On Carolina's next possession fullback Mike Tolbert lost a fumble while being tackled by safety Darian Stewart, which linebacker Danny Trevathan recovered on the Broncos 40-yard line. However, the Pan",DeMarcus Ware
Baseline,dense_numpy,What Super Bowl was the last where a fumble was returned for a touchdown?,Super Bowl XXVIII,"After each team punted, Panthers quarterback Cam Newton appeared to complete a 24-yard pass Jerricho Cotchery, but the call was ruled an incompletion and upheld after a replay challenge. CBS analyst a",Super Bowl XXVIII
Baseline,dense_numpy,Who received the pass that was ruled incomplete and confirmed after a challenge?,Jerricho Cotchery,"After each team punted, Panthers quarterback Cam Newton appeared to complete a 24-yard pass Jerricho Cotchery, but the call was ruled an incompletion and upheld after a replay challenge. CBS analyst a",Jerricho Cotchery
Baseline,dense_numpy,"Who, according to the text, caused Cam Newton to lose the ball during a tackle?",Von Miller,"After each team punted, Panthers quarterback Cam Newton appeared to complete a 24-yard pass Jerricho Cotchery, but the call was ruled an incompletion and upheld after a replay challenge. CBS analyst a",Von Miller
Baseline,dense_numpy,Who received the ball that cam Newton lost during a tackle to make it a Denver touchdown?,Malik Jackson,"After each team punted, Panthers quarterback Cam Newton appeared to complete a 24-yard pass Jerricho Cotchery, but the call was ruled an incompletion and upheld after a replay challenge. CBS analyst a",Malik Jackson
Baseline,dense_numpy,Who sacked Newton a few plays after the challenge?,Von Miller,"On Carolina's next possession fullback Mike Tolbert lost a fumble while being tackled by safety Darian Stewart, which linebacker Danny Trevathan recovered on the Broncos 40-yard line. However, the Pan",DeMarcus Ware
Baseline,dense_numpy,Who recovered the fumble and ran the ball in for a touchdown?,Malik Jackson,"After each team punted, Panthers quarterback Cam Newton appeared to complete a 24-yard pass Jerricho Cotchery, but the call was ruled an incompletion and upheld after a replay challenge. CBS analyst a",Malik Jackson
Baseline,dense_numpy,Who ran for a Carolina touchdown to make the score 10–7?,Jonathan Stewart,"On Carolina's next possession fullback Mike Tolbert lost a fumble while being tackled by safety Darian Stewart, which linebacker Danny Trevathan recovered on the Broncos 40-yard line. However, the Pan",DeMarcus Ware
Baseline,dense_numpy,Who punted the ball for Carolina?,Brad Nortman,"On Carolina's next possession fullback Mike Tolbert lost a fumble while being tackled by safety Darian Stewart, which linebacker Danny Trevathan recovered on the Broncos 40-yard line. However, the Pan",Denver
Baseline,dense_numpy,Who got a touchdown making the score 10-7?,Jonathan Stewart,"With 4:51 left in regulation, Carolina got the ball on their own 24-yard line with a chance to mount a game-winning drive, and soon faced 3rd-and-9. On the next play, Miller stripped the ball away fro",Bennie Fowler
Baseline,dense_numpy,Who got a 61-yard return when players thought he called for a fair catch but did not?,Jordan Norwood,"After a punt from both teams, Carolina got on track with a 9-play, 73-yard scoring drive. Newton completed 4 of 4 passes for 51 yards and rushed twice for 25 yards, while Jonathan Stewart finished the",Jordan Norwood
Baseline,dense_numpy,Who scored the Panthers first touchdown? ,Jonathan Stewart,The Panthers seemed primed to score on their opening drive of the second half when Newton completed a 45-yard pass to Ted Ginn Jr. on the Denver 35-yard line on their second offensive play. But the Br,Ted Ginn Jr.
Baseline,dense_numpy,Who tackled Mike Tolbert and caused a fumble?,Darian Stewart,"On Carolina's next possession fullback Mike Tolbert lost a fumble while being tackled by safety Darian Stewart, which linebacker Danny Trevathan recovered on the Broncos 40-yard line. However, the Pan",Darian Stewart
Baseline,dense_numpy,Who was sacked as the first half clock expired?,Newton,"On Carolina's next possession fullback Mike Tolbert lost a fumble while being tackled by safety Darian Stewart, which linebacker Danny Trevathan recovered on the Broncos 40-yard line. However, the Pan",Newton
Baseline,dense_numpy,Who sacked Cam Newton at the end of the half?,DeMarcus Ware,"After each team punted, Panthers quarterback Cam Newton appeared to complete a 24-yard pass Jerricho Cotchery, but the call was ruled an incompletion and upheld after a replay challenge. CBS analyst a",Von Miller
Baseline,dense_numpy,Who fumbled the ball when tackled by Darian Stewart?,Mike Tolbert,"On Carolina's next possession fullback Mike Tolbert lost a fumble while being tackled by safety Darian Stewart, which linebacker Danny Trevathan recovered on the Broncos 40-yard line. However, the Pan",Mike Tolbert
Baseline,dense_numpy,Who tipped Peyton's pass for an interception?,Kony Ealy,"With 4:51 left in regulation, Carolina got the ball on their own 24-yard line with a chance to mount a game-winning drive, and soon faced 3rd-and-9. On the next play, Miller stripped the ball away fro",Bennie Fowler
Baseline,dense_numpy,Who tackled the Carolina Panthers' quarterback just before the end of the first half?,DeMarcus Ware,"On Carolina's next possession fullback Mike Tolbert lost a fumble while being tackled by safety Darian Stewart, which linebacker Danny Trevathan recovered on the Broncos 40-yard line. However, the Pan",Darian Stewart
Baseline,dense_numpy,Who recovered Tolbert's fumble?,Danny Trevathan,"On Carolina's next possession fullback Mike Tolbert lost a fumble while being tackled by safety Darian Stewart, which linebacker Danny Trevathan recovered on the Broncos 40-yard line. However, the Pan",Danny Trevathan
Baseline,dense_numpy,"Who intercepted a Manning pass, giving the ball back to the Panthers?",Kony Ealy,"On Carolina's next possession fullback Mike Tolbert lost a fumble while being tackled by safety Darian Stewart, which linebacker Danny Trevathan recovered on the Broncos 40-yard line. However, the Pan",Kony Ealy
Baseline,dense_numpy,Who sacked Newton with 11 seconds left in the first half?,DeMarcus Ware,"On Carolina's next possession fullback Mike Tolbert lost a fumble while being tackled by safety Darian Stewart, which linebacker Danny Trevathan recovered on the Broncos 40-yard line. However, the Pan",DeMarcus Ware
Baseline,dense_numpy,Who was on the receiving end of a 45-yard pass from Cam Newton?,Ted Ginn Jr.,"After each team punted, Panthers quarterback Cam Newton appeared to complete a 24-yard pass Jerricho Cotchery, but the call was ruled an incompletion and upheld after a replay challenge. CBS analyst a",Jerricho Cotchery
Baseline,dense_numpy,Who missed a field goal for the Panthers?,Graham Gano,The Panthers seemed primed to score on their opening drive of the second half when Newton completed a 45-yard pass to Ted Ginn Jr. on the Denver 35-yard line on their second offensive play. But the Br,Graham Gano
Baseline,dense_numpy,Who picked off Cam Newton and subsequently fumbled the ball?,T. J. Ward,"After each team punted, Panthers quarterback Cam Newton appeared to complete a 24-yard pass Jerricho Cotchery, but the call was ruled an incompletion and upheld after a replay challenge. CBS analyst a",Von Miller
Baseline,dense_numpy,Who did Newton complete a 45 yard pass to on the opening drive of the second half?,Ted Ginn Jr.,The Panthers seemed primed to score on their opening drive of the second half when Newton completed a 45-yard pass to Ted Ginn Jr. on the Denver 35-yard line on their second offensive play. But the Br,Ted Ginn Jr.
Baseline,dense_numpy,Who recovered Ward's fumble?,Trevathan,"After each team punted, Panthers quarterback Cam Newton appeared to complete a 24-yard pass Jerricho Cotchery, but the call was ruled an incompletion and upheld after a replay challenge. CBS analyst a",Malik Jackson
Baseline,dense_numpy,Who did Newton get a pass to in the Panther starting plays of Super Bowl 50?,Ted Ginn Jr.,"After each team punted, Panthers quarterback Cam Newton appeared to complete a 24-yard pass Jerricho Cotchery, but the call was ruled an incompletion and upheld after a replay challenge. CBS analyst a",Jerricho Cotchery
Baseline,dense_numpy,Who hit the goal post on a field goal attempt?,Graham Gano,"With 4:51 left in regulation, Carolina got the ball on their own 24-yard line with a chance to mount a game-winning drive, and soon faced 3rd-and-9. On the next play, Miller stripped the ball away fro",Ward
Baseline,dense_numpy,Who caught two passes from Manning after the failed Carolina field goal attempt?,Emmanuel Sanders,The Panthers seemed primed to score on their opening drive of the second half when Newton completed a 45-yard pass to Ted Ginn Jr. on the Denver 35-yard line on their second offensive play. But the Br,Emmanuel Sanders
Baseline,dense_numpy,Who recovered a Manning fumble?,Ealy,"After each team punted, Panthers quarterback Cam Newton appeared to complete a 24-yard pass Jerricho Cotchery, but the call was ruled an incompletion and upheld after a replay challenge. CBS analyst a",Malik Jackson
Baseline,dense_numpy,Who caught a 16-yard pass on this drive?,Devin Funchess,"With 4:51 left in regulation, Carolina got the ball on their own 24-yard line with a chance to mount a game-winning drive, and soon faced 3rd-and-9. On the next play, Miller stripped the ball away fro",Bennie Fowler
Baseline,dense_numpy,Who had a 12-yard rush on this drive?,Stewart,"With 4:51 left in regulation, Carolina got the ball on their own 24-yard line with a chance to mount a game-winning drive, and soon faced 3rd-and-9. On the next play, Miller stripped the ball away fro",Bennie Fowler
Baseline,dense_numpy,Who knocked the ball out of Manning's hands on the next play?,Ealy,"With 4:51 left in regulation, Carolina got the ball on their own 24-yard line with a chance to mount a game-winning drive, and soon faced 3rd-and-9. On the next play, Miller stripped the ball away fro",Ward
Baseline,dense_numpy,Where was the ball recovered?,50-yard line.,"Concerns were raised over whether Levi's Stadium's field was of a high enough quality to host a Super Bowl; during the inaugural season, the field had to be re-sodded multiple times due to various iss",under Baltimore Ravens kicker Justin Tucker
Baseline,dense_numpy,What is the last name of the player who bumped the ball away from Manning in the fourth quarter of Super Bowl 50?,Ealy,"After each team punted, Panthers quarterback Cam Newton appeared to complete a 24-yard pass Jerricho Cotchery, but the call was ruled an incompletion and upheld after a replay challenge. CBS analyst a",Miller
Baseline,dense_numpy,Who fumbled the ball on 3rd-and-9?,Newton,"With 4:51 left in regulation, Carolina got the ball on their own 24-yard line with a chance to mount a game-winning drive, and soon faced 3rd-and-9. On the next play, Miller stripped the ball away fro",Newton
Baseline,dense_numpy,Who was the receiver on the successful 2-point conversion?,Bennie Fowler,"With 4:51 left in regulation, Carolina got the ball on their own 24-yard line with a chance to mount a game-winning drive, and soon faced 3rd-and-9. On the next play, Miller stripped the ball away fro",Bennie Fowler
Baseline,dense_numpy,Who stripped the ball from Newton on a 3rd and nine?,Miller,"With 4:51 left in regulation, Carolina got the ball on their own 24-yard line with a chance to mount a game-winning drive, and soon faced 3rd-and-9. On the next play, Miller stripped the ball away fro",Miller
Baseline,dense_numpy,Who recovered the strip ball?,wards,"On Carolina's next possession fullback Mike Tolbert lost a fumble while being tackled by safety Darian Stewart, which linebacker Danny Trevathan recovered on the Broncos 40-yard line. However, the Pan",Danny Trevathan
Baseline,dense_numpy,What was the last name of the player who took the ball away from Newton late in the fourth quarter?,Miller,"After each team punted, Panthers quarterback Cam Newton appeared to complete a 24-yard pass Jerricho Cotchery, but the call was ruled an incompletion and upheld after a replay challenge. CBS analyst a",Miller
Baseline,dense_numpy,What is the last name of the player who finally recovered the ball Newton lost in the fourth quarter?,wards,"After each team punted, Panthers quarterback Cam Newton appeared to complete a 24-yard pass Jerricho Cotchery, but the call was ruled an incompletion and upheld after a replay challenge. CBS analyst a",Jackson
Baseline,dense_numpy,What is the last name of the player who scored a 2-yard touchdown in the fourth quarter?,Anderson,"After each team punted, Panthers quarterback Cam Newton appeared to complete a 24-yard pass Jerricho Cotchery, but the call was ruled an incompletion and upheld after a replay challenge. CBS analyst a",Jackson
Baseline,dense_numpy,Who was the game's leading rusher?,Anderson,Denver took the opening kickoff and started out strong with Peyton Manning completing an 18-yard pass to tight end Owen Daniels and a 22-yard throw to receiver Andre Caldwell. A pair of carries by C. ,C. J. Anderson
Baseline,dense_numpy,Who was the game's top receiver?,Sanders,"Manning finished the year with a career-low 67.9 passer rating, throwing for 2,249 yards and nine touchdowns, with 17 interceptions. In contrast, Osweiler threw for 1,967 yards, 10 touchdowns and six ",Demaryius Thomas
Baseline,dense_numpy,What is the last name of the player who was Manning's top receiver for Super Bowl 50?,Sanders,Peyton Manning became the first quarterback ever to lead two different teams to multiple Super Bowls. He is also the oldest quarterback ever to play in a Super Bowl at age 39. The past record was held,Peyton
Baseline,dense_numpy,What is th elast name of the player who was the Super Bowl 50 winner's leading rusher?,Anderson,"In honor of the 50th Super Bowl, the pregame ceremony featured the on-field introduction of 39 of the 43 previous Super Bowl Most Valuable Players. Bart Starr (MVP of Super Bowls I and II) and Chuck H",Martin
Baseline,dense_numpy,"Who returned a punt for 61 yards, setting a new Super Bowl record?",Jordan Norwood,"After a punt from both teams, Carolina got on track with a 9-play, 73-yard scoring drive. Newton completed 4 of 4 passes for 51 yards and rushed twice for 25 yards, while Jonathan Stewart finished the",Jordan Norwood
Baseline,dense_numpy,Who is the only quarterback to win a Super Bowl with two teams?,Manning,Peyton Manning became the first quarterback ever to lead two different teams to multiple Super Bowls. He is also the oldest quarterback ever to play in a Super Bowl at age 39. The past record was held,Peyton Manning
Baseline,dense_numpy,Who was one of the most famous people born in Warsaw?,Maria Skłodowska-Curie,"One of the most famous people born in Warsaw was Maria Skłodowska-Curie, who achieved international recognition for her research on radioactivity and was the first female recipient of the Nobel Prize.",Maria Skodowska-Curie
Baseline,dense_numpy,Who was Frédéric Chopin?,Famous musicians,"One of the most famous people born in Warsaw was Maria Skłodowska-Curie, who achieved international recognition for her research on radioactivity and was the first female recipient of the Nobel Prize.",Famous musicians
Baseline,dense_numpy,Who designed the garden for the University Library?,Irena Bajerska,"Another important library – the University Library, founded in 1816, is home to over two million items. The building was designed by architects Marek Budzyński and Zbigniew Badowski and opened on 15 D",Irena Bajerska
Baseline,dense_numpy,Where is the Congress Hall located?,in the Palace of Culture and Science,"Legislative power in Warsaw is vested in a unicameral Warsaw City Council (Rada Miasta), which comprises 60 members. Council members are elected directly every four years. Like most legislative bodies",Warsaw
Baseline,dense_numpy,Where was the Summer Theatre located?,Saxon Garden,"Nearby, in Ogród Saski (the Saxon Garden), the Summer Theatre was in operation from 1870 to 1939, and in the inter-war period, the theatre complex also included Momus, Warsaw's first literary cabaret,",Ogród Saski
Baseline,dense_numpy,Where did two of Triton's daughters set out on a journey through?,depths of the oceans and seas,"The origin of the legendary figure is not fully known. The best-known legend, by Artur Oppman, is that long ago two of Triton's daughters set out on a journey through the depths of the oceans and seas",the depths of the oceans and seas
Baseline,dense_numpy,Where did one of Triton's daughters decide she wanted to hang out and stay?,coast of Denmark,"The origin of the legendary figure is not fully known. The best-known legend, by Artur Oppman, is that long ago two of Triton's daughters set out on a journey through the depths of the oceans and seas",on the coast of Denmark
Baseline,dense_numpy,Where was the famous artist Tamara de Lempicka born?,Warsaw,Tamara de Lempicka was a famous artist born in Warsaw. She was born Maria Górska in Warsaw to wealthy parents and in 1916 married a Polish lawyer Tadeusz Łempicki. Better than anyone else she represen,Warsaw
Baseline,dense_numpy,Who loved Warsaw so much that he kept putting it in his novels?,Isaac Bashevis Singer,Tamara de Lempicka was a famous artist born in Warsaw. She was born Maria Górska in Warsaw to wealthy parents and in 1916 married a Polish lawyer Tadeusz Łempicki. Better than anyone else she represen,Isaac Bashevis Singer
Baseline,dense_numpy,Who moved his court from Kraków to Warsaw in 1596?,King Sigismund III Vasa,"In 1529, Warsaw for the first time became the seat of the General Sejm, permanent from 1569. In 1573 the city gave its name to the Warsaw Confederation, formally establishing religious freedom in the ",King Sigismund III Vasa
Baseline,dense_numpy,Who was Warsz?,12th/13th-century nobleman,"Warsaw's name in the Polish language is Warszawa, approximately /vɑːrˈʃɑːvə/ (also formerly spelled Warszewa and Warszowa), meaning ""belonging to Warsz"", Warsz being a shortened form of the masculine ",a 12th/13th-century nobleman
Baseline,dense_numpy,What is the full official city name of Warsaw?,miasto stołeczne Warszawa,"Warsaw (Polish: Warszawa [varˈʂava] ( listen); see also other names) is the capital and largest city of Poland. It stands on the Vistula River in east-central Poland, roughly 260 kilometres (160 mi) f",Warszawa
Baseline,dense_numpy,Who was Boleslaw II of Masovia?,The Prince of Płock,"The first fortified settlements on the site of today's Warsaw were located in Bródno (9th/10th century) and Jazdów (12th/13th century). After Jazdów was raided by nearby clans and dukes, a new similar",The Prince of Pock
Baseline,dense_numpy,Who did Warsaw serve as the seat for in 1529?,General Sejm,"In 1529, Warsaw for the first time became the seat of the General Sejm, permanent from 1569. In 1573 the city gave its name to the Warsaw Confederation, formally establishing religious freedom in the ",General Sejm
Baseline,dense_numpy,Who was Warsaw under the administration of when it came under the rule of the General Goverment?,a German Nazi colonial administration,"The mayor of Warsaw is called President. Generally, in Poland, the mayors of bigger cities are called presidents – i.e. such cities, which have over 100,000 people or these, where already was presiden",the Warsaw Voivode
Baseline,dense_numpy,Where did John Paul II celebrate Mass in Warsaw?,Victory Square,"John Paul II's visits to his native country in 1979 and 1983 brought support to the budding solidarity movement and encouraged the growing anti-communist fervor there. In 1979, less than a year after ",Victory Square
Baseline,dense_numpy,Where is a palm house with subtropic plants from all over the world on display?,New Orangery,The flora of the city may be considered very rich in species. The species richness is mainly due to the location of Warsaw within the border region of several big floral regions comprising substantial,the Park of Culture and Rest in Powsin
Baseline,dense_numpy,Who in Warsaw has the power of legislative action?,Warsaw City Council,"Legislative power in Warsaw is vested in a unicameral Warsaw City Council (Rada Miasta), which comprises 60 members. Council members are elected directly every four years. Like most legislative bodies",Warsaw City Council
Baseline,dense_numpy,Who was the Norse leader?,Rollo,"Before Rollo's arrival, its populations did not differ from Picardy or the Île-de-France, which were considered ""Frankish"". Earlier Viking settlers had begun arriving in the 880s, but were divided bet",Norse
Baseline,dense_numpy,Who was the duke in the battle of Hastings?,William the Conqueror,"In 1066, Duke William II of Normandy conquered England killing King Harold II at the Battle of Hastings. The invading Normans and their descendants replaced the Anglo-Saxons as the ruling class of Eng",William II
Baseline,dense_numpy,Who ruled the duchy of Normandy,Richard I,"In the course of the 10th century, the initially destructive incursions of Norse war bands into the rivers of France evolved into more permanent encampments that included local women and personal prop",King Charles III of West Francia
Baseline,dense_numpy,Who upon arriving gave the original viking settlers a common identity?,Rollo,"Before Rollo's arrival, its populations did not differ from Picardy or the Île-de-France, which were considered ""Frankish"". Earlier Viking settlers had begun arriving in the 880s, but were divided bet",Rollo
Baseline,dense_numpy,Where was the Archangel Michael shrine located?,Monte Gargano,"There are also many places commemorating the heroic history of Warsaw. Pawiak, an infamous German Gestapo prison now occupied by a Mausoleum of Memory of Martyrdom and the museum, is only the beginnin","at the ramparts of the Old Town, commemorates the children who served as messengers and frontline troops in the Warsaw Uprising, while the impressive Warsaw Uprising Monument by Wincenty Kuma was erected in memory of the largest insurrection of World War II."
Baseline,dense_numpy,What was the name of the leader ennobled by Henry III,Drogo,"The two most prominent Norman families to arrive in the Mediterranean were descendants of Tancred of Hauteville and the Drengot family, of whom Rainulf Drengot received the county of Aversa, the first",Drogo
Baseline,dense_numpy,Who was Count of Melfi,William Iron Arm,"The two most prominent Norman families to arrive in the Mediterranean were descendants of Tancred of Hauteville and the Drengot family, of whom Rainulf Drengot received the county of Aversa, the first",William Iron Arm
Baseline,dense_numpy,Who controlled Sicily before the Normans?,Saracens,"The Norman dynasty had a major political, cultural and military impact on medieval Europe and even the Near East. The Normans were famed for their martial spirit and eventually for their Christian pie",Saracens and Byzantines
Baseline,dense_numpy,Where was William Iron Arm's castle located?,Squillace,"When finally Edward the Confessor returned from his father's refuge in 1041, at the invitation of his half-brother Harthacnut, he brought with him a Norman-educated mind. He also brought many Norman c",Hereford
Baseline,dense_numpy,"Who was the Normans' main enemy in Italy, the Byzantine Empire and Armenia?",Seljuk Turks,"Soon after the Normans began to enter Italy, they entered the Byzantine Empire and then Armenia, fighting against the Pechenegs, the Bulgars, and especially the Seljuk Turks. Norman mercenaries were f","Pechenegs, the Bulgars, and especially the Seljuk Turks"
Baseline,dense_numpy,Who ruined Roussel de Bailleul's plans for an independent state?,Alexius Komnenos,"One of the first Norman mercenaries to serve as a Byzantine general was Hervé in the 1050s. By then however, there were already Norman mercenaries serving as far away as Trebizond and Georgia. They we",Alexius Komnenos
Baseline,dense_numpy,What was the name of the Norman castle?,Afranji,"The Norman dynasty had a major political, cultural and military impact on medieval Europe and even the Near East. The Normans were famed for their martial spirit and eventually for their Christian pie",Principality of Antioch
Baseline,dense_numpy,What was the name of the count of Apulia ,Robert Guiscard,"The two most prominent Norman families to arrive in the Mediterranean were descendants of Tancred of Hauteville and the Drengot family, of whom Rainulf Drengot received the county of Aversa, the first",Guaimar IV of Salerno
Baseline,dense_numpy,Where did the Normans and Byzantines sign the peace treaty?,Deabolis,"Soon after the Normans began to enter Italy, they entered the Byzantine Empire and then Armenia, fighting against the Pechenegs, the Bulgars, and especially the Seljuk Turks. Norman mercenaries were f",Sicily
Baseline,dense_numpy,Who was Robert's son?,Bohemond,"Normans came into Scotland, building castles and founding noble families who would provide some future kings, such as Robert the Bruce, as well as founding a considerable number of the Scottish clans.",Máel Coluim mac Alaxandair
Baseline,dense_numpy,Where was Dyrrachium located?,the Adriatic,"The further decline of Byzantine state-of-affairs paved the road to a third attack in 1185, when a large Norman army invaded Dyrrachium, owing to the betrayal of high Byzantine officials. Some time la",the Adriatic
Baseline,dense_numpy,Who did Emma Marry?,King Ethelred II,"The Normans were in contact with England from an early date. Not only were their original Viking brethren still ravaging the English coasts, they occupied most of the important ports opposite England ",Duke Richard II of Normandy
Baseline,dense_numpy,Who was Emma's brother?,Duke Richard II,"The Normans were in contact with England from an early date. Not only were their original Viking brethren still ravaging the English coasts, they occupied most of the important ports opposite England ",Duke Richard II of Normandy
Baseline,dense_numpy,Who was Edward the Confessor's half-brother?,Harthacnut,"When finally Edward the Confessor returned from his father's refuge in 1041, at the invitation of his half-brother Harthacnut, he brought with him a Norman-educated mind. He also brought many Norman c",Harthacnut
Baseline,dense_numpy,Who did Edward make archbishop of Canterbury?,Robert of Jumièges,"When finally Edward the Confessor returned from his father's refuge in 1041, at the invitation of his half-brother Harthacnut, he brought with him a Norman-educated mind. He also brought many Norman c",Robert of Jumièges
Baseline,dense_numpy,Where did Harold II die?,Battle of Hastings,"In 1066, Duke William II of Normandy conquered England killing King Harold II at the Battle of Hastings. The invading Normans and their descendants replaced the Anglo-Saxons as the ruling class of Eng",Battle of Hastings
Baseline,dense_numpy,Who killed Harold II? ,William II,"In 1066, Duke William II of Normandy conquered England killing King Harold II at the Battle of Hastings. The invading Normans and their descendants replaced the Anglo-Saxons as the ruling class of Eng",Duke William II of Normandy
Baseline,dense_numpy,Who was the ruling class ahead of the Normans?,Anglo-Saxons,"The Normans (Norman: Nourmands; French: Normands; Latin: Normanni) were the people who in the 10th and 11th centuries gave their name to Normandy, a region in France. They were descended from Norse (""",King Charles III of West Francia
Baseline,dense_numpy,Who was Margaret's husband?,King Malcolm III of Scotland,"While in Limassol, Richard the Lion-Heart married Berengaria of Navarre, first-born daughter of King Sancho VI of Navarre. The wedding was held on 12 May 1191 at the Chapel of St. George and it was at",Richard the Lion-Heart
Baseline,dense_numpy,Who was the hostage?,Duncan,"In April 1191 Richard the Lion-hearted left Messina with a large fleet in order to reach Acre. But a storm dispersed the fleet. After some searching, it was discovered that the boat carrying his siste",Isaac Komnenos
Baseline,dense_numpy,Who did Alexander I marry?,Sybilla of Normandy,"Tesla never married; he said his chastity was very helpful to his scientific abilities.:33 However, toward the end of his life, he told a reporter, ""Sometimes I feel that by not marrying, I made too g","women vying for Tesla's affection, even some madly in love with him"
Baseline,dense_numpy,Where was Ralph earl of?,Hereford,"Even before the Norman Conquest of England, the Normans had come into contact with Wales. Edward the Confessor had set up the aforementioned Ralph as earl of Hereford and charged him with defending th",Hereford
Baseline,dense_numpy,Who was Ralph in charge of being at war with?,the Welsh,"Even before the Norman Conquest of England, the Normans had come into contact with Wales. Edward the Confessor had set up the aforementioned Ralph as earl of Hereford and charged him with defending th",the Welsh
Baseline,dense_numpy,Who made Ralph earl?,Edward the Confessor,"Even before the Norman Conquest of England, the Normans had come into contact with Wales. Edward the Confessor had set up the aforementioned Ralph as earl of Hereford and charged him with defending th",Edward the Confessor
Baseline,dense_numpy,Who was in charge of the papal army in the War of Barbastro?,William of Montreuil,The legendary religious zeal of the Normans was exercised in religious wars long before the First Crusade carved out a Norman principality in Antioch. They were major foreign participants in the Recon,William of Montreuil
Baseline,dense_numpy,What was the name of Bohemond's nephew?,Tancred,"In 1096, Crusaders passing by the siege of Amalfi were joined by Bohemond of Taranto and his nephew Tancred with an army of Italo-Normans. Bohemond was the de facto leader of the Crusade during its pa",Tancred
Baseline,dense_numpy,Who was Richard's fiancee?,Berengaria,"While in Limassol, Richard the Lion-Heart married Berengaria of Navarre, first-born daughter of King Sancho VI of Navarre. The wedding was held on 12 May 1191 at the Chapel of St. George and it was at",Berengaria of Navarre
Baseline,dense_numpy,Who ruled Cyprus in 1191?,Isaac Komnenos,"Bethencourt took the title of King of the Canary Islands, as vassal to Henry III of Castile. In 1418, Jean's nephew Maciot de Bethencourt sold the rights to the islands to Enrique Pérez de Guzmán, 2nd",Enrique Pérez de Guzmán
Baseline,dense_numpy,Who was Guy's Rival?,Conrad of Montferrat,"Tesla was a good friend of Francis Marion Crawford, Robert Underwood Johnson, Stanford White, Fritz Lowenstein, George Scherff, and Kenneth Swezey. In middle age, Tesla became a close friend of Mark T",George Scherff
Baseline,dense_numpy,Who led Richard's troops when Cyprus was conquered?,Guy de Lusignan,"Various princes of the Holy Land arrived in Limassol at the same time, in particular Guy de Lusignan. All declared their support for Richard provided that he support Guy against his rival Conrad of Mo",Guy de Lusignan
Baseline,dense_numpy,Who did Berengaria of Navarre marry?,Richard the Lion-Heart,"While in Limassol, Richard the Lion-Heart married Berengaria of Navarre, first-born daughter of King Sancho VI of Navarre. The wedding was held on 12 May 1191 at the Chapel of St. George and it was at",Richard the Lion-Heart
Baseline,dense_numpy,Who became the King of the Canary Islands?,Bethencourt,"Bethencourt took the title of King of the Canary Islands, as vassal to Henry III of Castile. In 1418, Jean's nephew Maciot de Bethencourt sold the rights to the islands to Enrique Pérez de Guzmán, 2nd",Bethencourt
Baseline,dense_numpy,Who bought the rights?,Enrique Pérez de Guzmán,"After leaving Edison's company Tesla partnered with two businessmen in 1886, Robert Lane and Benjamin Vail, who agreed to finance an electric lighting company in Tesla's name, Tesla Electric Light & M",Robert Lane and Benjamin Vail
Baseline,dense_numpy,Who sold the rights?,Maciot de Bethencourt,"During the period in which the negotiations were being conducted, Tesla said that efforts had been made to steal the invention. His room had been entered and his papers had been scrutinized, but the t",Tesla
Baseline,dense_numpy,Where are Jersey and Guernsey,Channel Islands,The customary law of Normandy was developed between the 10th and 13th centuries and survives today through the legal systems of Jersey and Guernsey in the Channel Islands. Norman customary law was tra,in the Channel Islands
Baseline,dense_numpy,Who used the church to unify themselves?,dukes,"At Saint Evroul, a tradition of singing had developed and the choir achieved fame in Normandy. Under the Norman abbot Robert de Grantmesnil, several monks of Saint-Evroul fled to southern Italy, where",monks
Baseline,dense_numpy,Who commissioned the Tapestry?,Odo,"By far the most famous work of Norman art is the Bayeux Tapestry, which is not a tapestry but a work of embroidery. It was commissioned by Odo, the Bishop of Bayeux and first Earl of Kent, employing n",Odo
Baseline,dense_numpy,Who were the two abbots at Fécamp Abbey?,William of Volpiano and John of Ravenna,Normandy was the site of several important developments in the history of classical music in the 11th century. Fécamp Abbey and Saint-Evroul Abbey were centres of musical production and education. At ,William of Volpiano and John of Ravenna
Baseline,dense_numpy,Where did the monks flee to?,southern Italy,"At Saint Evroul, a tradition of singing had developed and the choir achieved fame in Normandy. Under the Norman abbot Robert de Grantmesnil, several monks of Saint-Evroul fled to southern Italy, where",southern Italy
Baseline,dense_numpy,Who patronized the monks in Italy? ,Robert Guiscard,"At Saint Evroul, a tradition of singing had developed and the choir achieved fame in Normandy. Under the Norman abbot Robert de Grantmesnil, several monks of Saint-Evroul fled to southern Italy, where",Robert Guiscard
Baseline,dense_numpy,Who did Tesla work for in the 1880s?,Thomas Edison,"In 1882, Tesla began working for the Continental Edison Company in France, designing and making improvements to electrical equipment. In June 1884, he relocated to New York City:57–60 where he was hir",Thomas Edison
Baseline,dense_numpy,Tesla's induction motor and transformer was licensed by whom?,George Westinghouse,Tesla gained experience in telephony and electrical engineering before emigrating to the United States in 1884 to work for Thomas Edison in New York City. He soon struck out on his own with financial ,George Westinghouse
Baseline,dense_numpy,Who licensed Tesla's induction motor?,George Westinghouse,"In July 1888, Brown and Peck negotiated a licensing deal with George Westinghouse for Tesla's polyphase induction motor and transformer designs for $60,000 in cash and stock and a royalty of $2.50 per",George Westinghouse
Baseline,dense_numpy,Who did Tesla credit for his abilities?,his mother's genetics,"Tesla was renowned for his achievements and showmanship, eventually earning him a reputation in popular culture as an archetypal ""mad scientist"". His patents earned him a considerable amount of money,",the General Conference on Weights and Measures named the SI unit of magnetic flux density the tesla in his honor
Baseline,dense_numpy,Where did Tesla believe his talents came from?,his mother's genetics and influence,Tesla gained experience in telephony and electrical engineering before emigrating to the United States in 1884 to work for Thomas Edison in New York City. He soon struck out on his own with financial ,telephony and electrical engineering
Baseline,dense_numpy,Who was Tesla influenced by while in school?,Martin Sekulić,"In 1870, Tesla moved to Karlovac, to attend school at the Higher Real Gymnasium, where he was profoundly influenced by a math teacher Martin Sekulić.:32 The classes were held in German, as it was a sc",Martin Sekuli
Baseline,dense_numpy,Who was Tesla's main influence in Karlovac?,Martin Sekulić,"In 1870, Tesla moved to Karlovac, to attend school at the Higher Real Gymnasium, where he was profoundly influenced by a math teacher Martin Sekulić.:32 The classes were held in German, as it was a sc",Martin Sekuli
Baseline,dense_numpy,Where did Tesla run to avoid the army draft?,Tomingaj,"On 24 March 1879, Tesla was returned to Gospić under police guard for not having a residence permit. On 17 April 1879, Milutin Tesla died at the age of 60 after contracting an unspecified illness (alt",Gospi
Baseline,dense_numpy,Where was Austrian Polytechnic located?,"Graz, Austria","In 1870, Tesla moved to Karlovac, to attend school at the Higher Real Gymnasium, where he was profoundly influenced by a math teacher Martin Sekulić.:32 The classes were held in German, as it was a sc",within the Austro-Hungarian Military Frontier
Baseline,dense_numpy,Where did Tesla teach in Gospic?,Higher Real Gymnasium,"On 24 March 1879, Tesla was returned to Gospić under police guard for not having a residence permit. On 17 April 1879, Milutin Tesla died at the age of 60 after contracting an unspecified illness (alt",Higher Real Gymnasium
Baseline,dense_numpy,Where did Tesla go upon leaving Gospic?,Prague,"On 24 March 1879, Tesla was returned to Gospić under police guard for not having a residence permit. On 17 April 1879, Milutin Tesla died at the age of 60 after contracting an unspecified illness (alt",his old school
Baseline,dense_numpy,Where was Tesla hoping to attend classes in Prague?,Charles-Ferdinand University,"In 1870, Tesla moved to Karlovac, to attend school at the Higher Real Gymnasium, where he was profoundly influenced by a math teacher Martin Sekulić.:32 The classes were held in German, as it was a sc",Karlovac
Baseline,dense_numpy,Who gave Tesla money to go to Prague?,two of Tesla's uncles,"In 1952, following pressure from Tesla's nephew, Sava Kosanović, Tesla's entire estate was shipped to Belgrade in 80 trunks marked N.T. In 1957, Kosanović's secretary Charlotte Muzar transported Tesla",Sava Kosanovi
Baseline,dense_numpy,Which company did Tesla work for in 1881?,Budapest Telephone Exchange,"In 1882, Tesla began working for the Continental Edison Company in France, designing and making improvements to electrical equipment. In June 1884, he relocated to New York City:57–60 where he was hir",Thomas Edison
Baseline,dense_numpy,Where did Tesla work in Budapest?,a telegraph company,"In 1881, Tesla moved to Budapest to work under Ferenc Puskás at a telegraph company, the Budapest Telephone Exchange. Upon arrival, Tesla realized that the company, then under construction, was not fu",Budapest Telephone Exchange
Baseline,dense_numpy,What was the name of the telegraph company Tesla returned to after it became functional?,Budapest Telephone Exchange,"In 1881, Tesla moved to Budapest to work under Ferenc Puskás at a telegraph company, the Budapest Telephone Exchange. Upon arrival, Tesla realized that the company, then under construction, was not fu",the Budapest Telephone Exchange
Baseline,dense_numpy,Who hired Tesla in New York?,Thomas Edison,"In 1882, Tesla began working for the Continental Edison Company in France, designing and making improvements to electrical equipment. In June 1884, he relocated to New York City:57–60 where he was hir",Thomas Edison
Baseline,dense_numpy,Who did Tesla partner with in 1886?,Robert Lane and Benjamin Vail,"In late 1886 Tesla met Alfred S. Brown, a Western Union superintendent, and New York attorney Charles F. Peck. The two men were experienced in setting up companies and promoting inventions and patents",Alfred S. Brown
Baseline,dense_numpy,What was the name of the company the businessmen financed? ,Tesla Electric Light & Manufacturing,"After leaving Edison's company Tesla partnered with two businessmen in 1886, Robert Lane and Benjamin Vail, who agreed to finance an electric lighting company in Tesla's name, Tesla Electric Light & M",Tesla Electric Light & Manufacturing
Baseline,dense_numpy,Who designed the illumination systems that Tesla Electric Light & Manufacturing installed?,Tesla,"After leaving Edison's company Tesla partnered with two businessmen in 1886, Robert Lane and Benjamin Vail, who agreed to finance an electric lighting company in Tesla's name, Tesla Electric Light & M",Tesla
Baseline,dense_numpy,Who was Alfred S brown?,a Western Union superintendent,"In late 1886 Tesla met Alfred S. Brown, a Western Union superintendent, and New York attorney Charles F. Peck. The two men were experienced in setting up companies and promoting inventions and patents",a Western Union superintendent
Baseline,dense_numpy,Who else did Tesla make the acquaintance of in 1886?,Charles F. Peck,"Tesla was a good friend of Francis Marion Crawford, Robert Underwood Johnson, Stanford White, Fritz Lowenstein, George Scherff, and Kenneth Swezey. In middle age, Tesla became a close friend of Mark T",George Sylvester Viereck
Baseline,dense_numpy,Who was Thomas Commerford Martin?,editor of Electrical World magazine,"In 1888, the editor of Electrical World magazine, Thomas Commerford Martin (a friend and publicist), arranged for Tesla to demonstrate his alternating current system, including his induction motor, at",editor of Electrical World magazine
Baseline,dense_numpy,Who edited Electrical World magazine?,Thomas Commerford Martin,"In 1888, the editor of Electrical World magazine, Thomas Commerford Martin (a friend and publicist), arranged for Tesla to demonstrate his alternating current system, including his induction motor, at",Thomas Commerford Martin
Baseline,dense_numpy,Who other than Tesla did Westinghouse consider for the patents?,Galileo Ferraris,"The mid 1890s saw the conglomerate General Electric, backed by financier J. P. Morgan, involved in takeover attempts and patent battles with Westinghouse Electric. Although a patent-sharing agreement ",Brown
Baseline,dense_numpy,What was the name of Westinghouse's company?,Westinghouse Electric & Manufacturing Company,"The mid 1890s saw the conglomerate General Electric, backed by financier J. P. Morgan, involved in takeover attempts and patent battles with Westinghouse Electric. Although a patent-sharing agreement ",General Electric
Baseline,dense_numpy,Who hired Tesla in 1888?,George Westinghouse,"In late 1886 Tesla met Alfred S. Brown, a Western Union superintendent, and New York attorney Charles F. Peck. The two men were experienced in setting up companies and promoting inventions and patents",Charles F. Peck
Baseline,dense_numpy,In which city was Tesla's consultant job for Westinghouse?,Pittsburgh,"In July 1888, Brown and Peck negotiated a licensing deal with George Westinghouse for Tesla's polyphase induction motor and transformer designs for $60,000 in cash and stock and a royalty of $2.50 per",Pittsburgh
Baseline,dense_numpy,Who was the War of Currents waged between? ,Thomas Edison and George Westinghouse,"A few years after the First Crusade, in 1107, the Normans under the command of Bohemond, Robert's son, landed in Valona and besieged Dyrrachium using the most sophisticated military equipment of the t",the Normans and the Byzantines
Baseline,dense_numpy,Who was Westinghouse's chief rival?,Thomas Edison,"The mid 1890s saw the conglomerate General Electric, backed by financier J. P. Morgan, involved in takeover attempts and patent battles with Westinghouse Electric. Although a patent-sharing agreement ",General Electric
Baseline,dense_numpy,Who took control of Edison's company.,General Electric,"After leaving Edison's company Tesla partnered with two businessmen in 1886, Robert Lane and Benjamin Vail, who agreed to finance an electric lighting company in Tesla's name, Tesla Electric Light & M",Tesla
Baseline,dense_numpy,"In 1893, who won the bid to light the World's Columbian Exposition?",George Westinghouse,"In 1893, George Westinghouse won the bid to light the 1893 World's Columbian Exposition in Chicago with alternating current, beating out a General Electric bid by one million dollars. This World's Fai",George Westinghouse
